X,Y,OBJECTID,SCHOOL_NAME,SCHOOL_TYPE,TYPE_DESC,GRADES,ADDRESS,CITY,ZIP,WEB_ADDRESS,PHONE,REGION,SCH_YR,CreationDate,Creator,EditDate,Editor
-77.2648106,38.94663176,3990,COLVIN RUN,ES,Elementary School,K-6,1400 TRAP RD,VIENNA,22182,https://colvinrunes.fcps.edu/,7037573000,1,2021_22,2021/11/06 05:02:34.558+00,FairfaxCounty,2021/11/06 05:02:34.558+00,FairfaxCounty
-77.40458843,38.94637513,3991,MCNAIR,ES,Elementary School,K-2,2499 THOMAS JEFFERSON DR,HERNDON,20171,https://mcnaires.fcps.edu/,7037934800,5,2021_22,2021/11/06 05:02:34.558+00,FairfaxCounty,2021/11/06 05:02:34.558+00,FairfaxCounty
-77.41919329,38.95208561,3992,COATES,ES,Elementary School,K-6,2480 RIVER BIRCH RD,HERNDON,20171,https://coateses.fcps.edu/,7037133000,5,2021_22,2021/11/06 05:02:34.558+00,FairfaxCounty,2021/11/06 05:02:34.558+00,FairfaxCounty
-77.17461193,38.93534024,3993,FRANKLIN SHERMAN,ES,Elementary School,K-6,6633 BRAWNER ST,MCLEAN,22101,https://franklinshermanes.fcps.edu/,7035067900,1,2021_22,2021/11/06 05:02:34.558+00,FairfaxCounty,2021/11/06 05:02:34.558+00,FairfaxCounty
-77.22844097,38.93940674,3994,SPRING HILL,ES,Elementary School,K-6,8201 LEWINSVILLE RD,MCLEAN,22102,https://springhilles.fcps.edu/,7035063400,1,2021_22,2021/11/06 05:02:34.558+00,FairfaxCounty,2021/11/06 05:02:34.558+00,FairfaxCounty
-77.32022149,38.94027105,3995,SUNRISE VALLEY,ES,Elementary School,K-6,10824 CROSS SCHOOL RD,RESTON,20191,https://sunrisevalleyes.fcps.edu/,7037153800,1,2021_22,2021/11/06 05:02:34.558+00,FairfaxCounty,2021/11/06 05:02:34.558+00,FairfaxCounty
-77.34297579,38.93673912,3996,TERRASET,ES,Elementary School,K-6,11411 RIDGE HEIGHTS RD,RESTON,20191,https://terrasetes.fcps.edu/,7033905600,1,2021_22,2021/11/06 05:02:34.558+00,FairfaxCounty,2021/11/06 05:02:34.558+00,FairfaxCounty
-77.3614994,38.93222758,3997,HUNTERS WOODS,ES,Elementary School,K-6,2401 COLTS NECK RD,RESTON,20191,https://hunterswoodses.fcps.edu/,7032627400,1,2021_22,2021/11/06 05:02:34.558+00,FairfaxCounty,2021/11/06 05:02:34.558+00,FairfaxCounty
-77.37103241,38.94271068,3998,DOGWOOD,ES,Elementary School,K-6,12300 GLADE DR,RESTON,20191,https://dogwoodes.fcps.edu/,7032623100,1,2021_22,2021/11/06 05:02:34.558+00,FairfaxCounty,2021/11/06 05:02:34.558+00,FairfaxCounty
-77.41439318,38.93569078,3999,FLORIS,ES,Elementary School,K-6,2708 CENTREVILLE RD,HERNDON,20171,https://florises.fcps.edu/,7035612900,5,2021_22,2021/11/06 05:02:34.558+00,FairfaxCounty,2021/11/06 05:02:34.558+00,FairfaxCounty
-77.15542615,38.91864634,4000,CHESTERBROOK,ES,Elementary School,K-6,1753 KIRBY RD,MCLEAN,22101,https://chesterbrookes.fcps.edu/,7037148200,2,2021_22,2021/11/06 05:02:34.558+00,FairfaxCounty,2021/11/06 05:02:34.558+00,FairfaxCounty
-77.17534739,38.92143375,4001,KENT GARDENS,ES,Elementary School,K-6,1717 MELBOURNE DR,MCLEAN,22101,https://kentgardenses.fcps.edu/,7033945600,2,2021_22,2021/11/06 05:02:34.558+00,FairfaxCounty,2021/11/06 05:02:34.558+00,FairfaxCounty
-77.29222993,39.00150032,4002,GREAT FALLS,ES,Elementary School,K-6,701 WALKER RD,GREAT FALLS,22066,https://greatfallses.fcps.edu/,7037572100,1,2021_22,2021/11/06 05:02:34.558+00,FairfaxCounty,2021/11/06 05:02:34.558+00,FairfaxCounty
-77.32830134,38.99357077,4003,FORESTVILLE,ES,Elementary School,K-6,1085 UTTERBACK STORE RD,GREAT FALLS,22066,https://forestvillees.fcps.edu/,7034046000,1,2021_22,2021/11/06 05:02:34.558+00,FairfaxCounty,2021/11/06 05:02:34.558+00,FairfaxCounty
-77.38727127,38.99645542,4052,DRANESVILLE,ES,Elementary School,K-6,1515 POWELLS TAVERN PL,HERNDON,20170,https://dranesvillees.fcps.edu/,7033265200,1,2021_22,2021/11/06 05:02:34.558+00,FairfaxCounty,2021/11/06 05:02:34.558+00,FairfaxCounty
-77.33796507,38.97975553,4053,ALDRIN,ES,Elementary School,K-6,11375 CENTER HARBOR RD,RESTON,20194,https://aldrines.fcps.edu/,7039043800,1,2021_22,2021/11/06 05:02:34.558+00,FairfaxCounty,2021/11/06 05:02:34.558+00,FairfaxCounty
-77.35834472,38.98020973,4054,ARMSTRONG,ES,Elementary School,K-6,11900 LAKE NEWPORT RD,RESTON,20194,https://armstronges.fcps.edu/,7033754800,1,2021_22,2021/11/06 05:02:34.558+00,FairfaxCounty,2021/11/06 05:02:34.558+00,FairfaxCounty
-77.19522275,38.90396955,4055,LEMON ROAD,ES,Elementary School,K-6,7230 IDYLWOOD RD,FALLS CHURCH,22043,https://lemonroades.fcps.edu/,7037146400,2,2021_22,2021/11/06 05:02:34.558+00,FairfaxCounty,2021/11/06 05:02:34.558+00,FairfaxCounty
-77.2296011,38.91132891,4056,FREEDOM HILL,ES,Elementary School,K-6,1945 LORD FAIRFAX RD,VIENNA,22182,https://freedomhilles.fcps.edu/,7035067800,1,2021_22,2021/11/06 05:02:34.558+00,FairfaxCounty,2021/11/06 05:02:34.558+00,FairfaxCounty
-77.40883749,38.91311046,4057,OAK HILL,ES,Elementary School,K-6,3210 KINROSS CIR,HERNDON,20171,https://oakhilles.fcps.edu/,7034673500,5,2021_22,2021/11/06 05:02:34.558+00,FairfaxCounty,2021/11/06 05:02:34.558+00,FairfaxCounty
-77.37678635,38.97592138,4058,HERNDON,ES,Elementary School,K-6,630 DRANESVILLE RD,HERNDON,20170,https://herndones.fcps.edu/,7033263100,1,2021_22,2021/11/06 05:02:34.558+00,FairfaxCounty,2021/11/06 05:02:34.558+00,FairfaxCounty
-77.39121316,38.98370017,4059,CLEARVIEW,ES,Elementary School,K-6,12635 BUILDERS RD,HERNDON,20170,https://clearviewes.fcps.edu/,7037086000,1,2021_22,2021/11/06 05:02:34.558+00,FairfaxCounty,2021/11/06 05:02:34.558+00,FairfaxCounty
-77.32954991,38.96885216,4060,FOREST EDGE,ES,Elementary School,K-6,1501 BECONTREE LN,RESTON,20190,https://forestedgees.fcps.edu/,7039258000,1,2021_22,2021/11/06 05:02:34.558+00,FairfaxCounty,2021/11/06 05:02:34.558+00,FairfaxCounty
-77.40691377,38.9612876,4061,HUTCHISON,ES,Elementary School,K-6,13209 PARCHER AVE,HERNDON,20170,https://hutchisones.fcps.edu/,7039258300,1,2021_22,2021/11/06 05:02:34.558+00,FairfaxCounty,2021/11/06 05:02:34.558+00,FairfaxCounty
-77.18343489,38.86265788,4062,WESTLAWN,ES,Elementary School,K-6,3200 WESTLEY RD,FALLS CHURCH,22042,https://westlawnes.fcps.edu/,7032415100,2,2021_22,2021/11/06 05:02:34.558+00,FairfaxCounty,2021/11/06 05:02:34.558+00,FairfaxCounty
-77.20874903,38.87071622,4063,PINE SPRING,ES,Elementary School,K-6,7607 WILLOW LN,FALLS CHURCH,22042,https://pinespringes.fcps.edu/,5712264400,2,2021_22,2021/11/06 05:02:34.558+00,FairfaxCounty,2021/11/06 05:02:34.558+00,FairfaxCounty
-77.2479493,38.86977897,4064,FAIRHILL,ES,Elementary School,K-6,3001 CHICHESTER LN,FAIRFAX,22031,https://fairhilles.fcps.edu/,7032088100,2,2021_22,2021/11/06 05:02:34.558+00,FairfaxCounty,2021/11/06 05:02:34.558+00,FairfaxCounty
-77.2779609,38.89854576,4065,LOUISE ARCHER,ES,Elementary School,K-6,324 NUTLEY ST NW,VIENNA,22180,https://archeres.fcps.edu/,7039376200,1,2021_22,2021/11/06 05:02:34.558+00,FairfaxCounty,2021/11/06 05:02:34.558+00,FairfaxCounty
-77.37890886,38.88925408,4066,NAVY,ES,Elementary School,K-6,3500 WEST OX RD,FAIRFAX,22033,https://navyes.fcps.edu/,7032627100,1,2021_22,2021/11/06 05:02:34.558+00,FairfaxCounty,2021/11/06 05:02:34.558+00,FairfaxCounty
-77.41101621,38.89036408,4067,LEES CORNER,ES,Elementary School,K-6,13500 HOLLINGER AVE,FAIRFAX,22033,https://leescorneres.fcps.edu/,7032273500,5,2021_22,2021/11/06 05:02:34.558+00,FairfaxCounty,2021/11/06 05:02:34.558+00,FairfaxCounty
-77.20591617,38.88878273,4068,SHREVEWOOD,ES,Elementary School,K-6,7525 SHREVE RD,FALLS CHURCH,22043,https://shrevewoodes.fcps.edu/,7036456600,2,2021_22,2021/11/06 05:02:34.558+00,FairfaxCounty,2021/11/06 05:02:34.558+00,FairfaxCounty
-77.19794592,38.87976929,4069,TIMBER LANE,ES,Elementary School,K-6,2737 WEST ST,FALLS CHURCH,22046,https://timberlanees.fcps.edu/,7032065300,2,2021_22,2021/11/06 05:02:34.558+00,FairfaxCounty,2021/11/06 05:02:34.558+00,FairfaxCounty
-77.19080908,38.87654117,4070,GRAHAM ROAD,ES,Elementary School,K-6,2831 GRAHAM RD,FALLS CHURCH,22042,https://grahamroades.fcps.edu/,5712262700,2,2021_22,2021/11/06 05:02:34.558+00,FairfaxCounty,2021/11/06 05:02:34.558+00,FairfaxCounty
-77.22950319,38.88469241,4071,STENWOOD,ES,Elementary School,K-6,2620 GALLOWS RD,VIENNA,22180,https://stenwoodes.fcps.edu/,7032087600,2,2021_22,2021/11/06 05:02:34.558+00,FairfaxCounty,2021/11/06 05:02:34.558+00,FairfaxCounty
-77.24561887,38.92112667,4072,WESTBRIAR,ES,Elementary School,K-6,1741 PINE VALLEY DR,VIENNA,22182,https://westbriares.fcps.edu/,7039371700,2,2021_22,2021/11/06 05:02:34.558+00,FairfaxCounty,2021/11/06 05:02:34.558+00,FairfaxCounty
-77.26653512,38.91764587,4073,WOLFTRAP,ES,Elementary School,K-6,1903 BEULAH RD,VIENNA,22182,https://wolftrapes.fcps.edu/,7033197300,2,2021_22,2021/11/06 05:02:34.558+00,FairfaxCounty,2021/11/06 05:02:34.558+00,FairfaxCounty
-77.3822713,38.92803649,4074,FOX MILL,ES,Elementary School,K-6,2611 VIKING DR,HERNDON,20171,https://foxmilles.fcps.edu/,7032622700,1,2021_22,2021/11/06 05:02:34.558+00,FairfaxCounty,2021/11/06 05:02:34.558+00,FairfaxCounty
-77.16552723,38.81981386,4075,WEYANOKE,ES,Elementary School,K-5,6520 BRADDOCK RD,ALEXANDRIA,22312,https://weyanokees.fcps.edu/,7038135400,2,2021_22,2021/11/06 05:02:34.558+00,FairfaxCounty,2021/11/06 05:02:34.558+00,FairfaxCounty
-77.17617939,38.82916782,4076,COLUMBIA,ES,Elementary School,K-6,6720 ALPINE DR,ANNANDALE,22003,https://columbiaes.fcps.edu/,7039162500,2,2021_22,2021/11/06 05:02:34.558+00,FairfaxCounty,2021/11/06 05:02:34.558+00,FairfaxCounty
-77.20819723,38.82723526,4077,ANNANDALE TERRACE,ES,Elementary School,K-5,7604 HERALD ST,ANNANDALE,22003,https://annandaleterracees.fcps.edu/,7036585600,2,2021_22,2021/11/06 05:02:34.558+00,FairfaxCounty,2021/11/06 05:02:34.558+00,FairfaxCounty
-77.21554014,38.82227236,4078,BRADDOCK,ES,Elementary School,K-5,7825 HERITAGE DR,ANNANDALE,22003,https://braddockes.fcps.edu/,7039147300,2,2021_22,2021/11/06 05:02:34.558+00,FairfaxCounty,2021/11/06 05:02:34.558+00,FairfaxCounty
-77.26659422,38.82618009,4079,LITTLE RUN,ES,Elementary School,K-6,4511 OLLEY LN,FAIRFAX,22032,https://littlerunes.fcps.edu/,7035033500,5,2021_22,2021/11/06 05:02:34.558+00,FairfaxCounty,2021/11/06 05:02:34.558+00,FairfaxCounty
-77.27662578,38.83117463,4080,OLDE CREEK,ES,Elementary School,K-6,9524 OLD CREEK DR,FAIRFAX,22032,https://oldecreekes.fcps.edu/,7034263100,5,2021_22,2021/11/06 05:02:34.558+00,FairfaxCounty,2021/11/06 05:02:34.558+00,FairfaxCounty
-77.37989083,38.83188259,4081,WILLOW SPRINGS,ES,Elementary School,K-6,5400 WILLOW SPRINGS SCHOOL RD,FAIRFAX,22030,https://willowspringses.fcps.edu/,7036796000,5,2021_22,2021/11/06 05:02:34.558+00,FairfaxCounty,2021/11/06 05:02:34.558+00,FairfaxCounty
-77.41763138,38.82043805,4082,UNION MILL,ES,Elementary School,K-6,13611 SPRINGSTONE DR,CLIFTON,20124,https://unionmilles.fcps.edu/,7033228500,4,2021_22,2021/11/06 05:02:34.558+00,FairfaxCounty,2021/11/06 05:02:34.558+00,FairfaxCounty
-77.44064918,38.81966259,4083,CENTREVILLE,ES,Elementary School,K-6,14330 GREEN TRAILS BLVD,CENTREVILLE,20121,https://centrevillees.fcps.edu/,7035023500,4,2021_22,2021/11/06 05:02:34.558+00,FairfaxCounty,2021/11/06 05:02:34.558+00,FairfaxCounty
-77.44556713,38.82579357,4084,CENTRE RIDGE,ES,Elementary School,K-6,14400 NEW BRADDOCK RD,CENTREVILLE,20121,https://centreridgees.fcps.edu/,7032272600,4,2021_22,2021/11/06 05:02:34.558+00,FairfaxCounty,2021/11/06 05:02:34.558+00,FairfaxCounty
-77.4755281,38.82866285,4085,BULL RUN,ES,Elementary School,K-6,15301 LEE HWY,CENTREVILLE,20121,https://bullrunes.fcps.edu/,7032271400,5,2021_22,2021/11/06 05:02:34.558+00,FairfaxCounty,2021/11/06 05:02:34.558+00,FairfaxCounty
-77.28607438,38.86989521,4086,MOSAIC,ES,Elementary School,K-6,9819 FIVE OAKS RD,FAIRFAX,22031,https://mosaices.fcps.edu/,7039371600,1,2021_22,2021/11/06 05:02:34.558+00,FairfaxCounty,2021/11/06 05:02:34.558+00,FairfaxCounty
-77.32567311,38.86406471,4087,PROVIDENCE,ES,Elementary School,K-6,3616 JERMANTOWN RD,FAIRFAX,22030,https://providencees.fcps.edu/,7034604400,5,2021_22,2021/11/06 05:02:34.558+00,FairfaxCounty,2021/11/06 05:02:34.558+00,FairfaxCounty
-77.39439258,38.87142136,4088,GREENBRIAR EAST,ES,Elementary School,K-6,13006 POINT PLEASANT DR,FAIRFAX,22033,https://greenbriareastes.fcps.edu/,7036336400,5,2021_22,2021/11/06 05:02:34.558+00,FairfaxCounty,2021/11/06 05:02:34.558+00,FairfaxCounty
-77.41482634,38.86276533,4089,POPLAR TREE,ES,Elementary School,K-6,13440 MELVILLE LN,CHANTILLY,20151,https://poplartreees.fcps.edu/,7036337400,5,2021_22,2021/11/06 05:02:34.558+00,FairfaxCounty,2021/11/06 05:02:34.558+00,FairfaxCounty
-77.45851685,38.86571812,4090,CUB RUN,ES,Elementary School,K-6,5301 SULLY STATION DR,CENTREVILLE,20120,https://cubrunes.fcps.edu/,7036337500,5,2021_22,2021/11/06 05:02:34.558+00,FairfaxCounty,2021/11/06 05:02:34.558+00,FairfaxCounty
-77.18108546,38.85294658,4091,BEECH TREE,ES,Elementary School,K-5,3401 BEECHTREE LN,FALLS CHURCH,22042,https://beechtreees.fcps.edu/,7035312600,2,2021_22,2021/11/06 05:02:34.558+00,FairfaxCounty,2021/11/06 05:02:34.558+00,FairfaxCounty
-77.16870614,38.8558014,4092,SLEEPY HOLLOW,ES,Elementary School,K-5,3333 SLEEPY HOLLOW RD,FALLS CHURCH,22044,https://sleepyhollowes.fcps.edu/,7032377000,2,2021_22,2021/11/06 05:02:34.558+00,FairfaxCounty,2021/11/06 05:02:34.558+00,FairfaxCounty
-77.25008173,38.89229702,4093,CUNNINGHAM PARK,ES,Elementary School,K-6,1001 PARK ST SE ,VIENNA,22180,https://cunninghamparkes.fcps.edu/,7032555600,1,2021_22,2021/11/06 05:02:34.558+00,FairfaxCounty,2021/11/06 05:02:34.558+00,FairfaxCounty
-77.26326732,38.90114638,4094,VIENNA,ES,Elementary School,K-6,128 CENTER ST S,VIENNA,22180,https://viennaes.fcps.edu/,7039376000,1,2021_22,2021/11/06 05:02:34.558+00,FairfaxCounty,2021/11/06 05:02:34.558+00,FairfaxCounty
-77.28477052,38.89607556,4095,FLINT HILL,ES,Elementary School,K-6,2444 FLINT HILL RD,VIENNA,22181,https://flinthilles.fcps.edu/,7032426100,1,2021_22,2021/11/06 05:02:34.558+00,FairfaxCounty,2021/11/06 05:02:34.558+00,FairfaxCounty
-77.26662762,38.88226359,4096,MARSHALL ROAD,ES,Elementary School,K-6,730 MARSHALL RD SW,VIENNA,22180,https://marshallroades.fcps.edu/,7039371500,1,2021_22,2021/11/06 05:02:34.558+00,FairfaxCounty,2021/11/06 05:02:34.558+00,FairfaxCounty
-77.3042828,38.88018799,4097,OAKTON,ES,Elementary School,K-6,3000 CHAIN BRIDGE RD,OAKTON,22124,https://oaktones.fcps.edu/,7039376100,1,2021_22,2021/11/06 05:02:34.558+00,FairfaxCounty,2021/11/06 05:02:34.558+00,FairfaxCounty
-77.34478419,38.87638305,4098,WAPLES MILL,ES,Elementary School,K-6,11509 WAPLES MILL RD,OAKTON,22124,https://waplesmilles.fcps.edu/,7033907700,1,2021_22,2021/11/06 05:02:34.558+00,FairfaxCounty,2021/11/06 05:02:34.558+00,FairfaxCounty
-77.40565212,38.876338,4099,GREENBRIAR WEST,ES,Elementary School,K-6,13300 POPLAR TREE RD,FAIRFAX,22033,https://greenbriarwestes.fcps.edu/,7036336700,5,2021_22,2021/11/06 05:02:34.558+00,FairfaxCounty,2021/11/06 05:02:34.558+00,FairfaxCounty
-77.41927372,38.88239718,4100,BROOKFIELD,ES,Elementary School,K-6,4200 LEES CORNER RD,CHANTILLY,20151,https://brookfieldes.fcps.edu/,7038148700,5,2021_22,2021/11/06 05:02:34.558+00,FairfaxCounty,2021/11/06 05:02:34.558+00,FairfaxCounty
-77.32354098,38.8399871,4101,FAIRFAX VILLA,ES,Elementary School,K-6,10900 SANTA CLARA DR,FAIRFAX,22030,https://fairfaxvillaes.fcps.edu/,7032672800,5,2021_22,2021/11/06 05:02:34.558+00,FairfaxCounty,2021/11/06 05:02:34.558+00,FairfaxCounty
-77.40799053,38.84614838,4102,POWELL,ES,Elementary School,K-6,13340 LELAND RD,CENTREVILLE,20120,https://powelles.fcps.edu/,5715226000,4,2021_22,2021/11/06 05:02:34.558+00,FairfaxCounty,2021/11/06 05:02:34.558+00,FairfaxCounty
-77.30975181,38.80407576,4103,BONNIE BRAE,ES,Elementary School,K-6,5420 SIDEBURN RD,FAIRFAX,22032,https://bonniebraees.fcps.edu/,7033213900,4,2021_22,2021/11/06 05:02:34.558+00,FairfaxCounty,2021/11/06 05:02:34.558+00,FairfaxCounty
-77.32456453,38.79768615,4104,FAIRVIEW,ES,Elementary School,K-6,5815 OX RD,FAIRFAX STATION,22039,https://fairviewes.fcps.edu/,7035033700,4,2021_22,2021/11/06 05:02:34.558+00,FairfaxCounty,2021/11/06 05:02:34.558+00,FairfaxCounty
-77.07958975,38.78509464,4105,MOUNT EAGLE,ES,Elementary School,K-6,6116 N KINGS HWY,ALEXANDRIA,22303,https://mounteaglees.fcps.edu/,7037212100,3,2021_22,2021/11/06 05:02:34.558+00,FairfaxCounty,2021/11/06 05:02:34.558+00,FairfaxCounty
-77.11735262,38.78191071,4106,ROSE HILL,ES,Elementary School,K-6,6301 ROSE HILL DR,ALEXANDRIA,22310,https://rosehilles.fcps.edu/,7033134200,3,2021_22,2021/11/06 05:02:34.558+00,FairfaxCounty,2021/11/06 05:02:34.558+00,FairfaxCounty
-77.29801712,38.78547528,4107,TERRA CENTRE,ES,Elementary School,K-6,6000 BURKE CENTRE PKWY,BURKE,22015,https://terracentrees.fcps.edu/,7032491400,4,2021_22,2021/11/06 05:02:34.558+00,FairfaxCounty,2021/11/06 05:02:34.558+00,FairfaxCounty
-77.0610355,38.77196003,4108,BELLE VIEW,ES,Elementary School,K-6,6701 FORT HUNT RD,ALEXANDRIA,22307,https://belleviewes.fcps.edu/,7036608300,3,2021_22,2021/11/06 05:02:34.558+00,FairfaxCounty,2021/11/06 05:02:34.558+00,FairfaxCounty
-77.07404406,38.76658524,4109,BUCKNELL,ES,Elementary School,K-6,6925 UNIVERSITY DR,ALEXANDRIA,22307,https://bucknelles.fcps.edu/,7036602900,3,2021_22,2021/11/06 05:02:34.558+00,FairfaxCounty,2021/11/06 05:02:34.558+00,FairfaxCounty
-77.09497455,38.76880536,4110,GROVETON,ES,Elementary School,K-6,6900 HARRISON LN,ALEXANDRIA,22306,https://grovetones.fcps.edu/,7037188000,3,2021_22,2021/11/06 05:02:34.558+00,FairfaxCounty,2021/11/06 05:02:34.558+00,FairfaxCounty
-77.16958415,38.77625046,4111,FORESTDALE,ES,Elementary School,K-6,6530 ELDER AVE,SPRINGFIELD,22150,https://forestdalees.fcps.edu/,7033134300,3,2021_22,2021/11/06 05:02:34.558+00,FairfaxCounty,2021/11/06 05:02:34.558+00,FairfaxCounty
-77.18993093,38.7775188,4112,GARFIELD,ES,Elementary School,K-6,7101 OLD KEENE MILL RD,SPRINGFIELD,22150,https://garfieldes.fcps.edu/,7039232900,3,2021_22,2021/11/06 05:02:34.558+00,FairfaxCounty,2021/11/06 05:02:34.558+00,FairfaxCounty
-77.21925441,38.76923733,4113,WEST SPRINGFIELD,ES,Elementary School,K-6,6802 DELAND DR,SPRINGFIELD,22152,https://westspringfieldes.fcps.edu/,7039133800,4,2021_22,2021/11/06 05:02:34.558+00,FairfaxCounty,2021/11/06 05:02:34.558+00,FairfaxCounty
-77.23142501,38.7689225,4114,ROLLING VALLEY,ES,Elementary School,K-6,6703 BARNACK DR,SPRINGFIELD,22152,https://rollingvalleyes.fcps.edu/,7039232700,4,2021_22,2021/11/06 05:02:34.558+00,FairfaxCounty,2021/11/06 05:02:34.558+00,FairfaxCounty
-77.25545516,38.76587203,4115,ORANGE HUNT,ES,Elementary School,K-6,6820 SYDENSTRICKER RD,SPRINGFIELD,22152,https://orangehuntes.fcps.edu/,7039136800,4,2021_22,2021/11/06 05:02:34.558+00,FairfaxCounty,2021/11/06 05:02:34.558+00,FairfaxCounty
-77.28441958,38.76806798,4116,CHERRY RUN,ES,Elementary School,K-6,9732 IRONMASTER DR,BURKE,22015,https://cherryrunes.fcps.edu/,7039232800,4,2021_22,2021/11/06 05:02:34.558+00,FairfaxCounty,2021/11/06 05:02:34.558+00,FairfaxCounty
-77.07169238,38.75048139,4117,HOLLIN MEADOWS,ES,Elementary School,K-6,2310 NORDOK PL,ALEXANDRIA,22306,https://hollinmeadowses.fcps.edu/,7037188300,3,2021_22,2021/11/06 05:02:34.558+00,FairfaxCounty,2021/11/06 05:02:34.558+00,FairfaxCounty
-77.08963519,38.758987,4118,HYBLA VALLEY,ES,Elementary School,K-6,3415 LOCKHEED BLVD,ALEXANDRIA,22306,https://hyblavalleyes.fcps.edu/,7037187000,3,2021_22,2021/11/06 05:02:34.558+00,FairfaxCounty,2021/11/06 05:02:34.558+00,FairfaxCounty
-77.15733432,38.76108059,4119,LANE,ES,Elementary School,K-6,7137 BEULAH ST,ALEXANDRIA,22315,https://lanees.fcps.edu/,7039247700,3,2021_22,2021/11/06 05:02:34.558+00,FairfaxCounty,2021/11/06 05:02:34.558+00,FairfaxCounty
-77.24366593,38.76209404,4120,HUNT VALLEY,ES,Elementary School,K-6,7107 SYDENSTRICKER RD,SPRINGFIELD,22152,https://huntvalleyes.fcps.edu/,7039138800,4,2021_22,2021/11/06 05:02:34.558+00,FairfaxCounty,2021/11/06 05:02:34.558+00,FairfaxCounty
-77.27248195,38.75516388,4121,SANGSTER,ES,Elementary School,K-6,7420 RESERVATION DR,SPRINGFIELD,22153,https://sangsteres.fcps.edu/,7036448200,4,2021_22,2021/11/06 05:02:34.558+00,FairfaxCounty,2021/11/06 05:02:34.558+00,FairfaxCounty
-77.29585379,38.81403786,4122,LAUREL RIDGE,ES,Elementary School,K-6,10110 COMMONWEALTH BLVD,FAIRFAX,22032,https://laurelridgees.fcps.edu/,7034263700,4,2021_22,2021/11/06 05:02:34.558+00,FairfaxCounty,2021/11/06 05:02:34.558+00,FairfaxCounty
-77.30984172,38.81884245,4123,OAK VIEW,ES,Elementary School,K-6,5004 SIDEBURN RD,FAIRFAX,22032,https://oakviewes.fcps.edu/,7037647100,5,2021_22,2021/11/06 05:02:34.558+00,FairfaxCounty,2021/11/06 05:02:34.558+00,FairfaxCounty
-77.09136733,38.80018461,4124,CAMERON,ES,Elementary School,K-6,3434 CAMPBELL DR,ALEXANDRIA,22303,https://camerones.fcps.edu/,7033292100,3,2021_22,2021/11/06 05:02:34.558+00,FairfaxCounty,2021/11/06 05:02:34.558+00,FairfaxCounty
-77.11119084,38.79488685,4125,CLERMONT,ES,Elementary School,K-6,5720 CLERMONT DR,ALEXANDRIA,22310,https://clermontes.fcps.edu/,7039212400,3,2021_22,2021/11/06 05:02:34.558+00,FairfaxCounty,2021/11/06 05:02:34.558+00,FairfaxCounty
-77.18583977,38.79210898,4126,LYNBROOK,ES,Elementary School,K-6,5801 BACKLICK RD,SPRINGFIELD,22150,https://lynbrookes.fcps.edu/,7038662940,3,2021_22,2021/11/06 05:02:34.558+00,FairfaxCounty,2021/11/06 05:02:34.558+00,FairfaxCounty
-77.20716222,38.80156721,4127,NORTH SPRINGFIELD,ES,Elementary School,K-5,7602 HEMING CT,SPRINGFIELD,22151,https://northspringfieldes.fcps.edu/,7036585500,2,2021_22,2021/11/06 05:02:34.558+00,FairfaxCounty,2021/11/06 05:02:34.558+00,FairfaxCounty
-77.22508989,38.84827992,4128,CAMELOT,ES,Elementary School,K-6,8100 GUINEVERE DR,ANNANDALE,22003,https://camelotes.fcps.edu/,7036457000,2,2021_22,2021/11/06 05:02:34.558+00,FairfaxCounty,2021/11/06 05:02:34.558+00,FairfaxCounty
-77.21375832,38.85193576,4129,WOODBURN,ES,Elementary School,K-6,3401 HEMLOCK DR,FALLS CHURCH,22042,https://woodburnes.fcps.edu/,7036418200,2,2021_22,2021/11/06 05:02:34.558+00,FairfaxCounty,2021/11/06 05:02:34.558+00,FairfaxCounty
-77.29583474,38.85213273,4130,DANIELS RUN,ES,Elementary School,K-6,3705 OLD LEE HWY,FAIRFAX,22030,https://danielsrunes.fcps.edu/,7032798400,5,2021_22,2021/11/06 05:02:34.558+00,FairfaxCounty,2021/11/06 05:02:34.558+00,FairfaxCounty
-77.36287292,38.85140186,4131,EAGLE VIEW,ES,Elementary School,K-6,4500 DIXIE HILL RD,FAIRFAX,22030,https://eagleviewes.fcps.edu/,7033223100,5,2021_22,2021/11/06 05:02:34.558+00,FairfaxCounty,2021/11/06 05:02:34.558+00,FairfaxCounty
-77.47109339,38.85580233,4132,DEER PARK,ES,Elementary School,K-6,15109 CARLBERN DR,CENTREVILLE,20120,https://deerparkes.fcps.edu/,7038025000,5,2021_22,2021/11/06 05:02:34.558+00,FairfaxCounty,2021/11/06 05:02:34.558+00,FairfaxCounty
-77.48573089,38.85209851,4133,VIRGINIA RUN,ES,Elementary School,K-6,15450 MARTINS HUNDRED DR,CENTREVILLE,20120,https://virginiarunes.fcps.edu/,7039888900,5,2021_22,2021/11/06 05:02:34.558+00,FairfaxCounty,2021/11/06 05:02:34.558+00,FairfaxCounty
-77.15312406,38.8339254,4134,PARKLAWN,ES,Elementary School,K-5,4116 BRADDOCK RD,ALEXANDRIA,22312,https://parklawnes.fcps.edu/,7039146900,2,2021_22,2021/11/06 05:02:34.558+00,FairfaxCounty,2021/11/06 05:02:34.558+00,FairfaxCounty
-77.1688843,38.83975566,4135,BELVEDERE,ES,Elementary School,K-5,6540 COLUMBIA PIKE,FALLS CHURCH,22041,https://belvederees.fcps.edu/,7039166800,2,2021_22,2021/11/06 05:02:34.558+00,FairfaxCounty,2021/11/06 05:02:34.558+00,FairfaxCounty
-77.24665198,38.83605581,4136,WAKEFIELD FOREST,ES,Elementary School,K-6,4011 IVA LN,FAIRFAX,22032,https://wakefieldforestes.fcps.edu/,7035032300,5,2021_22,2021/11/06 05:02:34.558+00,FairfaxCounty,2021/11/06 05:02:34.558+00,FairfaxCounty
-77.16408324,38.78397522,4137,SPRINGFIELD ESTATES,ES,Elementary School,K-6,6200 CHARLES C GOFF DR,SPRINGFIELD,22150,https://springfieldestateses.fcps.edu/,7039212300,3,2021_22,2021/11/06 05:02:34.558+00,FairfaxCounty,2021/11/06 05:02:34.558+00,FairfaxCounty
-77.19492203,38.78739426,4138,CRESTWOOD,ES,Elementary School,K-6,6010 HANOVER AVE,SPRINGFIELD,22150,https://crestwoodes.fcps.edu/,7039235400,3,2021_22,2021/11/06 05:02:34.558+00,FairfaxCounty,2021/11/06 05:02:34.558+00,FairfaxCounty
-77.22150784,38.78119604,4139,KEENE MILL,ES,Elementary School,K-6,6310 BARDU AVE,SPRINGFIELD,22152,https://keenemilles.fcps.edu/,7036444700,4,2021_22,2021/11/06 05:02:34.558+00,FairfaxCounty,2021/11/06 05:02:34.558+00,FairfaxCounty
-77.1453726,38.85210051,4140,BAILEY'S,ES,Elementary School,K-2,6111 KNOLLWOOD DR,FALLS CHURCH,22041,https://baileyses.fcps.edu/,7035756800,2,2021_22,2021/11/06 05:02:34.558+00,FairfaxCounty,2021/11/06 05:02:34.558+00,FairfaxCounty
-77.12853848,38.85579761,4141,GLEN FOREST,ES,Elementary School,K-5,5829 GLEN FOREST DR,FALLS CHURCH,22041,https://glenforestes.fcps.edu/,7035788000,2,2021_22,2021/11/06 05:02:34.558+00,FairfaxCounty,2021/11/06 05:02:34.558+00,FairfaxCounty
-77.45640655,38.83983692,4142,LONDON TOWNE,ES,Elementary School,K-6,6100 STONE RD,CENTREVILLE,20120,https://londontownees.fcps.edu/,7032275400,5,2021_22,2021/11/06 05:02:34.558+00,FairfaxCounty,2021/11/06 05:02:34.558+00,FairfaxCounty
-77.24979891,38.82072087,4143,CANTERBURY WOODS,ES,Elementary School,K-6,4910 WILLET DR,ANNANDALE,22003,https://canterburywoodses.fcps.edu/,7037645600,5,2021_22,2021/11/06 05:02:34.558+00,FairfaxCounty,2021/11/06 05:02:34.558+00,FairfaxCounty
-77.19639344,38.84255382,4144,MASON CREST,ES,Elementary School,K-5,3705 CREST DR,ANNANDALE,22003,https://masoncrestes.fcps.edu/,5712262600,2,2021_22,2021/11/06 05:02:34.558+00,FairfaxCounty,2021/11/06 05:02:34.558+00,FairfaxCounty
-77.05599681,38.72477972,4145,WAYNEWOOD,ES,Elementary School,K-6,1205 WAYNEWOOD BLVD,ALEXANDRIA,22308,https://waynewoodes.fcps.edu/,7037047100,3,2021_22,2021/11/06 05:02:34.558+00,FairfaxCounty,2021/11/06 05:02:34.558+00,FairfaxCounty
-77.06877083,38.72811924,4146,STRATFORD LANDING,ES,Elementary School,K-6,8484 RIVERSIDE RD,ALEXANDRIA,22308,https://stratfordlandinges.fcps.edu/,7036193600,3,2021_22,2021/11/06 05:02:34.558+00,FairfaxCounty,2021/11/06 05:02:34.558+00,FairfaxCounty
-77.11786699,38.72653056,4147,WOODLAWN,ES,Elementary School,K-6,8505 HIGHLAND LN,ALEXANDRIA,22309,https://woodlawnes.fcps.edu/,7036194800,3,2021_22,2021/11/06 05:02:34.558+00,FairfaxCounty,2021/11/06 05:02:34.558+00,FairfaxCounty
-77.20476193,38.91918254,4148,WESTGATE,ES,Elementary School,K-6,7500 MAGARITY RD,FALLS CHURCH,22043,https://westgatees.fcps.edu/,7036105700,2,2021_22,2021/11/06 05:02:34.558+00,FairfaxCounty,2021/11/06 05:02:34.558+00,FairfaxCounty
-77.16817023,38.74554769,4149,ISLAND CREEK,ES,Elementary School,K-6,7855 MORNING VIEW LN,ALEXANDRIA,22315,https://islandcreekes.fcps.edu/,5716426300,3,2021_22,2021/11/06 05:02:34.558+00,FairfaxCounty,2021/11/06 05:02:34.558+00,FairfaxCounty
-77.21373288,38.73576282,4150,SARATOGA,ES,Elementary School,K-6,8111 NORTHUMBERLAND RD,SPRINGFIELD,22153,https://saratogaes.fcps.edu/,7034402600,3,2021_22,2021/11/06 05:02:34.558+00,FairfaxCounty,2021/11/06 05:02:34.558+00,FairfaxCounty
-77.26906884,38.72895928,4151,SILVERBROOK,ES,Elementary School,K-6,9350 CROSSPOINTE DR,FAIRFAX STATION,22039,https://silverbrookes.fcps.edu/,7036905100,4,2021_22,2021/11/06 05:02:34.558+00,FairfaxCounty,2021/11/06 05:02:34.558+00,FairfaxCounty
-77.06644353,38.71897317,4152,FORT HUNT,ES,Elementary School,K-6,8832 LINTON LN,ALEXANDRIA,22308,https://forthuntes.fcps.edu/,7036192600,3,2021_22,2021/11/06 05:02:34.558+00,FairfaxCounty,2021/11/06 05:02:34.558+00,FairfaxCounty
-77.09644556,38.72028982,4153,WOODLEY HILLS,ES,Elementary School,K-6,8718 OLD MT VERNON RD,ALEXANDRIA,22309,https://woodleyhillses.fcps.edu/,7037992000,3,2021_22,2021/11/06 05:02:34.558+00,FairfaxCounty,2021/11/06 05:02:34.558+00,FairfaxCounty
-77.10452667,38.70998301,4154,WASHINGTON MILL,ES,Elementary School,K-6,9100 CHERRYTREE DR,ALEXANDRIA,22309,https://washingtonmilles.fcps.edu/,7036192500,3,2021_22,2021/11/06 05:02:34.558+00,FairfaxCounty,2021/11/06 05:02:34.558+00,FairfaxCounty
-77.14208813,38.72220098,4155,FORT BELVOIR UPPER,ES,Elementary School,6-Mar,5970 MEERES RD,FORT BELVOIR,22060,https://fortbelvoires.fcps.edu/,7037812700,3,2021_22,2021/11/06 05:02:34.558+00,FairfaxCounty,2021/11/06 05:02:34.558+00,FairfaxCounty
-77.23321602,38.71748742,4156,LAUREL HILL,ES,Elementary School,K-6,8390 LAUREL CREST DR,LORTON,22079,https://laurelhilles.fcps.edu/,7035515300,4,2021_22,2021/11/06 05:02:34.558+00,FairfaxCounty,2021/11/06 05:02:34.558+00,FairfaxCounty
-77.25985723,38.71792807,4157,HALLEY,ES,Elementary School,K-6,8850 CROSS CHASE CIR,FAIRFAX STATION,22039,https://halleyes.fcps.edu/,7035515700,4,2021_22,2021/11/06 05:02:34.558+00,FairfaxCounty,2021/11/06 05:02:34.558+00,FairfaxCounty
-77.18935882,38.94644479,4158,CHURCHILL ROAD,ES,Elementary School,K-6,7100 CHURCHILL RD,MCLEAN,22101,https://churchillroades.fcps.edu/,7032888400,1,2021_22,2021/11/06 05:02:34.558+00,FairfaxCounty,2021/11/06 05:02:34.558+00,FairfaxCounty
-77.36223286,38.9149496,4159,CROSSFIELD,ES,Elementary School,K-6,2791 FOX MILL RD,HERNDON,20171,https://crossfieldes.fcps.edu/,7032951100,1,2021_22,2021/11/06 05:02:34.558+00,FairfaxCounty,2021/11/06 05:02:34.558+00,FairfaxCounty
-77.27033498,38.78312404,4160,WHITE OAKS,ES,Elementary School,K-6,6130 SHIPLETT BLVD,BURKE,22015,https://whiteoakses.fcps.edu/,7039231400,4,2021_22,2021/11/06 05:02:34.558+00,FairfaxCounty,2021/11/06 05:02:34.558+00,FairfaxCounty
-77.22326461,38.80316286,4161,RAVENSWORTH,ES,Elementary School,K-6,5411 NUTTING DR,SPRINGFIELD,22151,https://ravensworthes.fcps.edu/,7034263600,4,2021_22,2021/11/06 05:02:34.558+00,FairfaxCounty,2021/11/06 05:02:34.558+00,FairfaxCounty
-77.24033207,38.79209105,4162,CARDINAL FOREST,ES,Elementary School,K-6,8600 FORRESTER BLVD,SPRINGFIELD,22152,https://cardinalforestes.fcps.edu/,7039235200,4,2021_22,2021/11/06 05:02:34.558+00,FairfaxCounty,2021/11/06 05:02:34.558+00,FairfaxCounty
-77.24166245,38.8048497,4163,KINGS PARK,ES,Elementary School,K-3,5400 HARROW WAY,SPRINGFIELD,22151,https://kingsparkes.fcps.edu/,7034267000,4,2021_22,2021/11/06 05:02:34.558+00,FairfaxCounty,2021/11/06 05:02:34.558+00,FairfaxCounty
-77.2346186,38.80386021,4164,KINGS GLEN,ES,Elementary School,6-Apr,5401 DANBURY FOREST DR,SPRINGFIELD,22151,https://kingsglenes.fcps.edu/,7032394000,4,2021_22,2021/11/06 05:02:34.558+00,FairfaxCounty,2021/11/06 05:02:34.558+00,FairfaxCounty
-77.21854554,38.7065679,4165,LORTON STATION,ES,Elementary School,K-6,9298 LEWIS CHAPEL RD,LORTON,22079,https://lortonstationes.fcps.edu/,5716426000,3,2021_22,2021/11/06 05:02:34.558+00,FairfaxCounty,2021/11/06 05:02:34.558+00,FairfaxCounty
-77.20967641,38.68489927,4166,GUNSTON,ES,Elementary School,K-6,10100 GUNSTON RD,LORTON,22079,https://gunstones.fcps.edu/,7035413600,3,2021_22,2021/11/06 05:02:34.558+00,FairfaxCounty,2021/11/06 05:02:34.558+00,FairfaxCounty
-77.0948174,38.72977489,4167,RIVERSIDE,ES,Elementary School,K-6,8410 OLD MT VERNON RD,ALEXANDRIA,22309,https://riversidees.fcps.edu/,7037996000,3,2021_22,2021/11/06 05:02:34.558+00,FairfaxCounty,2021/11/06 05:02:34.558+00,FairfaxCounty
-77.15734108,38.80214969,4168,BREN MAR PARK,ES,Elementary School,K-5,6344 BERYL RD,ALEXANDRIA,22312,https://brenmarparkes.fcps.edu/,7039147200,3,2021_22,2021/11/06 05:02:34.558+00,FairfaxCounty,2021/11/06 05:02:34.558+00,FairfaxCounty
-77.34652262,38.96545234,4169,LAKE ANNE,ES,Elementary School,K-6,11510 NORTH SHORE DR,RESTON,20190,https://lakeannees.fcps.edu/,7033263500,1,2021_22,2021/11/06 05:02:34.558+00,FairfaxCounty,2021/11/06 05:02:34.558+00,FairfaxCounty
-77.09998086,38.74236733,4170,MOUNT VERNON WOODS,ES,Elementary School,K-6,4015 FIELDING ST,ALEXANDRIA,22309,https://mountvernonwoodses.fcps.edu/,7036192800,3,2021_22,2021/11/06 05:02:34.558+00,FairfaxCounty,2021/11/06 05:02:34.558+00,FairfaxCounty
-77.14068738,38.74915253,4171,HAYFIELD,ES,Elementary School,K-6,7633 TELEGRAPH RD,ALEXANDRIA,22315,https://hayfieldes.fcps.edu/,7039247400,3,2021_22,2021/11/06 05:02:34.558+00,FairfaxCounty,2021/11/06 05:02:34.558+00,FairfaxCounty
-77.24035818,38.73918232,4172,NEWINGTON FOREST,ES,Elementary School,K-6,8001 NEWINGTON FOREST AVE,SPRINGFIELD,22153,https://newingtonforestes.fcps.edu/,7039232600,4,2021_22,2021/11/06 05:02:34.558+00,FairfaxCounty,2021/11/06 05:02:34.558+00,FairfaxCounty
-77.12387626,38.79030555,4173,BUSH HILL,ES,Elementary School,K-6,5927 WESTCHESTER ST,ALEXANDRIA,22310,https://bushhilles.fcps.edu/,7039245600,3,2021_22,2021/11/06 05:02:34.558+00,FairfaxCounty,2021/11/06 05:02:34.558+00,FairfaxCounty
-77.14514049,38.78111767,4174,FRANCONIA,ES,Elementary School,K-6,6301 BEULAH ST,ALEXANDRIA,22310,https://franconiaes.fcps.edu/,7038222200,3,2021_22,2021/11/06 05:02:34.558+00,FairfaxCounty,2021/11/06 05:02:34.558+00,FairfaxCounty
-77.1736262,38.90387412,4175,HAYCOCK,ES,Elementary School,K-6,6616 HAYCOCK RD,FALLS CHURCH,22043,https://haycockes.fcps.edu/,7035314000,2,2021_22,2021/11/06 05:02:34.558+00,FairfaxCounty,2021/11/06 05:02:34.558+00,FairfaxCounty
-77.25972733,38.84770871,4176,MANTUA,ES,Elementary School,K-6,9107 HORNER CT,FAIRFAX,22031,https://mantuaes.fcps.edu/,7036456300,5,2021_22,2021/11/06 05:02:34.558+00,FairfaxCounty,2021/11/06 05:02:34.558+00,FairfaxCounty
-77.15374128,38.86813581,4177,BAILEY'S UPPER,ES,Elementary School,5-Mar,6245 LEESBURG PIKE,FALLS CHURCH,22044,https://baileyses.fcps.edu/,7035032700,2,2021_22,2021/11/06 05:02:34.558+00,FairfaxCounty,2021/11/06 05:02:34.558+00,FairfaxCounty
-77.14374981,38.72141886,4178,FORT BELVOIR PRIMARY,ES,Elementary School,K-2,5980 MEERES RD,FORT BELVOIR,22060,https://fortbelvoires.fcps.edu/,7037812700,3,2021_22,2021/11/06 05:02:34.558+00,FairfaxCounty,2021/11/06 05:02:34.558+00,FairfaxCounty
-77.40323286,38.94751424,4285,MCNAIR UPPER,ES,Elementary School,6-Mar,2410 FOX MILL RD,HERNDON,20171,https://mcnaires.fcps.edu/,7037934800,5,2021_22,2021/11/06 05:02:34.558+00,FairfaxCounty,2021/11/06 05:02:34.558+00,FairfaxCounty
-77.37449487,38.98571897,4179,HERNDON,HS,High School,12-Sep,700 BENNETT ST,BENNETT ST,20170,https://herndonhs.fcps.edu/,7033263100,1,2021_22,2021/11/06 05:02:34.558+00,FairfaxCounty,2021/11/06 05:02:34.558+00,FairfaxCounty
-77.16660815,38.95005384,4180,LANGLEY,HS,High School,12-Sep,6520 GEORGETOWN PIKE,MCLEAN,22101,https://langleyhs.fcps.edu/,7032872700,1,2021_22,2021/11/06 05:02:34.558+00,FairfaxCounty,2021/11/06 05:02:34.558+00,FairfaxCounty
-77.33933967,38.93246102,4181,SOUTH LAKES,HS,High School,12-Sep,11400 SOUTH LAKES DR,RESTON,20191,https://southlakeshs.fcps.edu/,7037154500,1,2021_22,2021/11/06 05:02:34.558+00,FairfaxCounty,2021/11/06 05:02:34.558+00,FairfaxCounty
-77.27935662,38.8958673,4182,MADISON,HS,High School,12-Sep,2500 JAMES MADISON DR,VIENNA,22181,https://madisonhs.fcps.edu/,7033192300,1,2021_22,2021/11/06 05:02:34.558+00,FairfaxCounty,2021/11/06 05:02:34.558+00,FairfaxCounty
-77.28270788,38.87725032,4183,OAKTON,HS,High School,12-Sep,2900 SUTTON RD,VIENNA,22181,https://oaktonhs.fcps.edu/,7039376100,1,2021_22,2021/11/06 05:02:34.558+00,FairfaxCounty,2021/11/06 05:02:34.558+00,FairfaxCounty
-77.18520966,38.92322497,4184,MCLEAN,HS,High School,12-Sep,1663 DAVIDSON RD,MCLEAN,22101,https://mcleanhs.fcps.edu/,7037145700,2,2021_22,2021/11/06 05:02:34.558+00,FairfaxCounty,2021/11/06 05:02:34.558+00,FairfaxCounty
-77.21269077,38.90605356,4185,MARSHALL,HS,High School,12-Sep,7731 LEESBURG PIKE,FALLS CHURCH,22043,https://marshallhs.fcps.edu/,7037145400,2,2021_22,2021/11/06 05:02:34.558+00,FairfaxCounty,2021/11/06 05:02:34.558+00,FairfaxCounty
-77.20742858,38.86151897,4186,FALLS CHURCH,HS,High School,12-Sep,7521 JAGUAR TRL,FALLS CHURCH,22042,https://fallschurchhs.fcps.edu/,7032074000,2,2021_22,2021/11/06 05:02:34.558+00,FairfaxCounty,2021/11/06 05:02:34.558+00,FairfaxCounty
-77.14974971,38.85687901,4187,JUSTICE,HS,High School,12-Sep,3301 PEACE VALLEY LN,FALLS CHURCH,22044,https://justicehs.fcps.edu/,7038243900,2,2021_22,2021/11/06 05:02:34.558+00,FairfaxCounty,2021/11/06 05:02:34.558+00,FairfaxCounty
-77.20816131,38.82201961,4188,ANNANDALE,HS,High School,12-Sep,4700 MEDFORD DR,ANNANDALE,22003,https://annandalehs.fcps.edu/,7036424100,2,2021_22,2021/11/06 05:02:34.558+00,FairfaxCounty,2021/11/06 05:02:34.558+00,FairfaxCounty
-77.16901879,38.81855283,4189,THOMAS JEFFERSON,HS,High School,12-Sep,6560 BRADDOCK RD,ALEXANDRIA,22312,https://tjhsst.fcps.edu/,7037508300,2,2021_22,2021/11/06 05:02:34.558+00,FairfaxCounty,2021/11/06 05:02:34.558+00,FairfaxCounty
-77.13431391,38.78213655,4190,EDISON,HS,High School,12-Sep,5801 FRANCONIA RD,ALEXANDRIA,22310,https://edisonhs.fcps.edu/,7039248000,3,2021_22,2021/11/06 05:02:34.558+00,FairfaxCounty,2021/11/06 05:02:34.558+00,FairfaxCounty
-77.16988745,38.7803772,4191,LEWIS,HS,High School,12-Sep,6540 FRANCONIA RD,SPRINGFIELD,22150,https://lewishs.fcps.edu/,7039248300,3,2021_22,2021/11/06 05:02:34.558+00,FairfaxCounty,2021/11/06 05:02:34.558+00,FairfaxCounty
-77.07228212,38.77430484,4192,WEST POTOMAC,HS,High School,12-Sep,6500 QUANDER RD,ALEXANDRIA,22307,https://westpotomachs.fcps.edu/,7037182500,3,2021_22,2021/11/06 05:02:34.558+00,FairfaxCounty,2021/11/06 05:02:34.558+00,FairfaxCounty
-77.14396093,38.75081432,4193,HAYFIELD,HS,High School,12-Sep,7630 TELEGRAPH RD,ALEXANDRIA,22315,https://hayfieldss.fcps.edu/,7039247400,3,2021_22,2021/11/06 05:02:34.558+00,FairfaxCounty,2021/11/06 05:02:34.558+00,FairfaxCounty
-77.09277251,38.72676431,4194,MOUNT VERNON,HS,High School,12-Sep,8515 OLD MOUNT VERNON RD,ALEXANDRIA,22309,https://mountvernonhs.fcps.edu/,7036193100,3,2021_22,2021/11/06 05:02:34.558+00,FairfaxCounty,2021/11/06 05:02:34.558+00,FairfaxCounty
-77.30187356,38.81593147,4195,ROBINSON,HS,High School,12-Sep,5035 SIDEBURN RD,FAIRFAX,22032,https://robinsonss.fcps.edu/,7034262100,4,2021_22,2021/11/06 05:02:34.558+00,FairfaxCounty,2021/11/06 05:02:34.558+00,FairfaxCounty
-77.26570715,38.80401451,4196,LAKE BRADDOCK,HS,High School,12-Sep,9200 BURKE LAKE RD,BURKE,22015,https://lakebraddockss.fcps.edu/,7034261000,4,2021_22,2021/11/06 05:02:34.558+00,FairfaxCounty,2021/11/06 05:02:34.558+00,FairfaxCounty
-77.24043383,38.78607325,4197,WEST SPRINGFIELD,HS,High School,12-Sep,6100 ROLLING RD,SPRINGFIELD,22152,https://westspringfieldhs.fcps.edu/,7039133800,4,2021_22,2021/11/06 05:02:34.558+00,FairfaxCounty,2021/11/06 05:02:34.558+00,FairfaxCounty
-77.41084411,38.82483668,4198,CENTREVILLE,HS,High School,12-Sep,6001 UNION MILL RD,CLIFTON,20124,https://centrevillehs.fcps.edu/,7035023500,4,2021_22,2021/11/06 05:02:34.558+00,FairfaxCounty,2021/11/06 05:02:34.558+00,FairfaxCounty
-77.23863714,38.71706409,4199,SOUTH COUNTY,HS,High School,12-Sep,8501 SILVERBROOK RD,LORTON,22079,https://southcountyhs.fcps.edu/,7034461600,4,2021_22,2021/11/06 05:02:34.558+00,FairfaxCounty,2021/11/06 05:02:34.558+00,FairfaxCounty
-77.40658478,38.88020699,4200,CHANTILLY,HS,High School,12-Sep,4201 STRINGFELLOW RD,CHANTILLY,20151,https://chantillyhs.fcps.edu/,7032228100,5,2021_22,2021/11/06 05:02:34.558+00,FairfaxCounty,2021/11/06 05:02:34.558+00,FairfaxCounty
-77.46513631,38.88556805,4201,WESTFIELD,HS,High School,12-Sep,4700 STONECROFT BLVD,CHANTILLY,20151,https://westfieldhs.fcps.edu/,7034886300,5,2021_22,2021/11/06 05:02:34.558+00,FairfaxCounty,2021/11/06 05:02:34.558+00,FairfaxCounty
-77.28642595,38.85986618,4202,FAIRFAX,HS,High School,12-Sep,3501 LION RUN,FAIRFAX,22030,https://fairfaxhs.fcps.edu/,7032192200,5,2021_22,2021/11/06 05:02:34.558+00,FairfaxCounty,2021/11/06 05:02:34.558+00,FairfaxCounty
-77.27589554,38.83891449,4203,WOODSON,HS,High School,12-Sep,9525 MAIN ST,FAIRFAX,22031,https://woodsonhs.fcps.edu/,7035034600,5,2021_22,2021/11/06 05:02:34.558+00,FairfaxCounty,2021/11/06 05:02:34.558+00,FairfaxCounty
-77.42545701,38.83749986,4283,MOUNTAIN VIEW,HS,High School,12-Sep,"5775 SPINDLE CT
",CENTREVILLE,20121,https://mountainviewhs.fcps.edu/,7032272316,4,2021_22,2021/11/06 05:02:34.558+00,FairfaxCounty,2021/11/06 05:02:34.558+00,FairfaxCounty
-77.08013148,38.7644477,4284,BRYANT,HS,High School,K-12,"2709 POPKINS LN
",ALEXANDRIA,22306,https://bryanths.fcps.edu/,7036602001,3,2021_22,2021/11/06 05:02:34.558+00,FairfaxCounty,2021/11/06 05:02:34.558+00,FairfaxCounty
-77.39181674,38.9681866,4204,HERNDON,MS,Middle School,8-Jul,901 LOCUST ST,HERNDON,20170,https://herndonms.fcps.edu/,7033263100,1,2021_22,2021/11/06 05:02:34.558+00,FairfaxCounty,2021/11/06 05:02:34.558+00,FairfaxCounty
-77.19206944,38.95229921,4205,COOPER,MS,Middle School,8-Jul,977 BALLS HILL RD,MCLEAN,22101,https://cooperms.fcps.edu/,7034425800,1,2021_22,2021/11/06 05:02:34.558+00,FairfaxCounty,2021/11/06 05:02:34.558+00,FairfaxCounty
-77.3388423,38.93532863,4206,HUGHES,MS,Middle School,8-Jul,11401 RIDGE HEIGHTS RD,RESTON,20191,https://hughesms.fcps.edu/,7037153600,1,2021_22,2021/11/06 05:02:34.558+00,FairfaxCounty,2021/11/06 05:02:34.558+00,FairfaxCounty
-77.17470789,38.9096681,4207,LONGFELLOW,MS,Middle School,8-Jul,2000 WESTMORELAND ST,FALLS CHURCH,22043,https://longfellowms.fcps.edu/,7035332600,2,2021_22,2021/11/06 05:02:34.558+00,FairfaxCounty,2021/11/06 05:02:34.558+00,FairfaxCounty
-77.22515363,38.90402451,4208,KILMER,MS,Middle School,8-Jul,8100 WOLFTRAP RD,VIENNA,22182,https://kilmerms.fcps.edu/,7038468800,2,2021_22,2021/11/06 05:02:34.558+00,FairfaxCounty,2021/11/06 05:02:34.558+00,FairfaxCounty
-77.24054662,38.88873938,4209,THOREAU,MS,Middle School,8-Jul,2505 CEDAR LN,VIENNA,22180,https://thoreaums.fcps.edu/,7038468000,1,2021_22,2021/11/06 05:02:34.558+00,FairfaxCounty,2021/11/06 05:02:34.558+00,FairfaxCounty
-77.22912784,38.86829545,4210,JACKSON,MS,Middle School,8-Jul,3020 GALLOWS RD,FALLS CHURCH,22042,https://jacksonms.fcps.edu/,7032048100,1,2021_22,2021/11/06 05:02:34.558+00,FairfaxCounty,2021/11/06 05:02:34.558+00,FairfaxCounty
-77.14098393,38.83763681,4211,GLASGOW,MS,Middle School,8-Jun,4101 FAIRFAX PKWY,ALEXANDRIA,22312,https://glasgowms.fcps.edu/,7038138700,2,2021_22,2021/11/06 05:02:34.558+00,FairfaxCounty,2021/11/06 05:02:34.558+00,FairfaxCounty
-77.18666281,38.82049469,4212,POE,MS,Middle School,8-Jun,7000 CINDY LN,ANNANDALE,22003,https://poems.fcps.edu/,7038133800,2,2021_22,2021/11/06 05:02:34.558+00,FairfaxCounty,2021/11/06 05:02:34.558+00,FairfaxCounty
-77.16332445,38.81524381,4213,HOLMES,MS,Middle School,8-Jun,6525 MONTROSE ST,ALEXANDRIA,22312,https://holmesms.fcps.edu/,7036585900,2,2021_22,2021/11/06 05:02:34.558+00,FairfaxCounty,2021/11/06 05:02:34.558+00,FairfaxCounty
-77.11400241,38.79024455,4214,TWAIN,MS,Middle School,8-Jul,4700 FRANCONIA RD,ALEXANDRIA,22310,https://twainms.fcps.edu/,7033133700,3,2021_22,2021/11/06 05:02:34.558+00,FairfaxCounty,2021/11/06 05:02:34.558+00,FairfaxCounty
-77.1617579,38.78038244,4215,KEY,MS,Middle School,8-Jul,6402 FRANCONIA RD,SPRINGFIELD,22150,https://keyms.fcps.edu/,7033133900,3,2021_22,2021/11/06 05:02:34.558+00,FairfaxCounty,2021/11/06 05:02:34.558+00,FairfaxCounty
-77.07426978,38.74148583,4216,WHITMAN,MS,Middle School,8-Jul,2500 PARKERS LN,ALEXANDRIA,22306,https://whitmanms.fcps.edu/,7036602400,3,2021_22,2021/11/06 05:02:34.558+00,FairfaxCounty,2021/11/06 05:02:34.558+00,FairfaxCounty
-77.14422897,38.7495668,4217,HAYFIELD,MS,Middle School,8-Jul,7630 TELEGRAPH RD,ALEXANDRIA,22315,https://hayfieldss.fcps.edu/,7039247400,3,2021_22,2021/11/06 05:02:34.558+00,FairfaxCounty,2021/11/06 05:02:34.558+00,FairfaxCounty
-77.06212504,38.72912079,4218,SANDBURG,MS,Middle School,8-Jul,8428 FORT HUNT RD,ALEXANDRIA,22308,https://sandburgms.fcps.edu/,7037996100,3,2021_22,2021/11/06 05:02:34.558+00,FairfaxCounty,2021/11/06 05:02:34.558+00,FairfaxCounty
-77.30246564,38.81657761,4219,ROBINSON,MS,Middle School,8-Jul,5035 SIDEBURN RD,FAIRFAX,22032,https://robinsonss.fcps.edu/,7034262100,4,2021_22,2021/11/06 05:02:34.558+00,FairfaxCounty,2021/11/06 05:02:34.558+00,FairfaxCounty
-77.26611458,38.80232868,4220,LAKE BRADDOCK,MS,Middle School,8-Jul,9200 BURKE LAKE RD,BURKE,22015,https://lakebraddockss.fcps.edu/,7034261000,4,2021_22,2021/11/06 05:02:34.558+00,FairfaxCounty,2021/11/06 05:02:34.558+00,FairfaxCounty
-77.41758424,38.80541813,4221,LIBERTY,MS,Middle School,8-Jul,6801 UNION MILL RD,CLIFTON,20124,https://libertyms.fcps.edu/,7039888100,4,2021_22,2021/11/06 05:02:34.558+00,FairfaxCounty,2021/11/06 05:02:34.558+00,FairfaxCounty
-77.22446459,38.78173006,4222,IRVING,MS,Middle School,8-Jul,8100 OLD KEENE MILL RD,SPRINGFIELD,22152,https://irvingms.fcps.edu/,7039124500,4,2021_22,2021/11/06 05:02:34.558+00,FairfaxCounty,2021/11/06 05:02:34.558+00,FairfaxCounty
-77.24545292,38.72174917,4223,SOUTH COUNTY,MS,Middle School,8-Jul,8700 LAUREL CREST DR,LORTON,22079,https://southcountyms.fcps.edu/,7034461600,4,2021_22,2021/11/06 05:02:34.558+00,FairfaxCounty,2021/11/06 05:02:34.558+00,FairfaxCounty
-77.4195824,38.92734135,4224,CARSON,MS,Middle School,8-Jul,13618 MCLEAREN RD,HERNDON,20171,https://carsonms.fcps.edu/,7039253600,5,2021_22,2021/11/06 05:02:34.558+00,FairfaxCounty,2021/11/06 05:02:34.558+00,FairfaxCounty
-77.42079411,38.90749497,4225,FRANKLIN,MS,Middle School,8-Jul,3300 LEES CORNER RD,CHANTILLY,20151,https://franklinms.fcps.edu/,7039045100,5,2021_22,2021/11/06 05:02:34.558+00,FairfaxCounty,2021/11/06 05:02:34.558+00,FairfaxCounty
-77.41004898,38.8741459,4226,ROCKY RUN,MS,Middle School,8-Jul,4400 STRINGFELLOW RD,CHANTILLY,20151,https://rockyrunms.fcps.edu/,7038027700,5,2021_22,2021/11/06 05:02:34.558+00,FairfaxCounty,2021/11/06 05:02:34.558+00,FairfaxCounty
-77.32722134,38.86049207,4227,KATHERINE JOHNSON,MS,Middle School,8-Jul,3801 JERMANTOWN RD,FAIRFAX,22030,https://johnsonms.fcps.edu/,7039342400,5,2021_22,2021/11/06 05:02:34.558+00,FairfaxCounty,2021/11/06 05:02:34.558+00,FairfaxCounty
-77.45481584,38.85752101,4228,STONE,MS,Middle School,8-Jul,5500 SULLY PARK DR,CENTREVILLE,20120,https://stonems.fcps.edu/,7036315500,5,2021_22,2021/11/06 05:02:34.558+00,FairfaxCounty,2021/11/06 05:02:34.558+00,FairfaxCounty
-77.27344627,38.83619475,4229,FROST,MS,Middle School,8-Jul,4101 PICKETT RD,FAIRFAX,22032,https://frostms.fcps.edu/,7034265700,5,2021_22,2021/11/06 05:02:34.558+00,FairfaxCounty,2021/11/06 05:02:34.558+00,FairfaxCounty
-77.07228212,38.77430484,4276,WEST POTOMAC HS - PULLEY CENTER,SEC,Special Education Center,N/A,6500 QUANDER RD,ALEXANDRIA,22307,https://pulleycenter.fcps.edu/,7037182700,3,2021_22,2021/11/06 05:02:34.558+00,FairfaxCounty,2021/11/06 05:02:34.558+00,FairfaxCounty
-77.21269077,38.90605356,4277,MARSHALL HS - DAVIS CENTER,SEC,Special Education Center,N/A,7731 LEESBURG PIKE,FALLS CHURCH,22043,https://daviscenter.fcps.edu/,7037145600,2,2021_22,2021/11/06 05:02:34.558+00,FairfaxCounty,2021/11/06 05:02:34.558+00,FairfaxCounty
-77.24539631,38.8839035,4278,CEDAR LANE SCHOOL,SEC,Special Education Center,N/A,101 CEDAR LN,VIENNA,22180,https://cedarlaneschool.fcps.edu/,7032082400,1,2021_22,2021/11/06 05:02:34.558+00,FairfaxCounty,2021/11/06 05:02:34.558+00,FairfaxCounty
-77.07067138,38.77878895,4279,QUANDER ROAD SCHOOL,SEC,Special Education Center,N/A,"6400 QUANDER RD
",ALEXANDRIA,22307,https://quanderroadschool.fcps.edu/,7037182400,3,2021_22,2021/11/06 05:02:34.558+00,FairfaxCounty,2021/11/06 05:02:34.558+00,FairfaxCounty
-77.27861332,38.78398517,4280,BURKE SCHOOL,SEC,Special Education Center,N/A,"9645 BURKE LAKE RD
9645 BURKE LAKE RD",BURKE,22015,https://burkeschool.fcps.edu/,7034267300,4,2021_22,2021/11/06 05:02:34.558+00,FairfaxCounty,2021/11/06 05:02:34.558+00,FairfaxCounty