"address","engineType","exterior","fuel","interior","name","smartPhoneRequired","vin","lon","lat","date","time_mil"
"2316 40th St NW, Washington, DC 20007","CE","GOOD",54,"GOOD","EK6780",FALSE,"WMEEJ3BA4DK625975",-77.07881,38.92134,2016-11-11 09:25:02,1478885102000
"7432 9th St NW, Washington, DC 20012, USA","CE","GOOD",50,"GOOD","R34157",TRUE,"WMEFJ5DA0GK139617",-77.02544,38.98079,2016-12-04 09:55:02,1480874102000
"1315-1317 Rhode Island Ave NW, Washington, DC 20005, USA","CE","GOOD",100,"GOOD","R33748",FALSE,"WMEEJ3BA4EK734955",-77.03107,38.90921,2016-11-30 07:20:02,1480519202000
"2840 28th St NW, Washington, DC 20008, USA","CE","GOOD",63,"GOOD","EW7210",FALSE,"WMEEJ3BA3EK770636",-77.05647,38.92755,2016-11-19 18:30:02,1479609002000
"4719 6th St NE, Washington, DC 20017, USA","CE","GOOD",15,"GOOD","EC6566",TRUE,"WMEFJ5DA1GK140291",-76.99907,38.94726,2016-11-11 12:00:02,1478894402000
"1524 A St NE, Washington, DC 20002, USA","CE","GOOD",53,"GOOD","R33795",TRUE,"WMEFJ5DA6GK139718",-76.9828,38.89102,2016-12-02 23:05:02,1480748702000
"1831 Gallaudet St NE, Washington, DC 20002, USA","CE","GOOD",39,"GOOD","FE7288",FALSE,"WMEEJ3BA5EK774008",-76.98681,38.91307,2016-11-21 01:15:03,1479719703000
"2100-2198 5th St NW, Washington, DC 20001, USA","CE","GOOD",50,"GOOD","EF6517",TRUE,"WMEFJ5DA7GK123866",-77.01899,38.91826,2016-11-13 10:25:02,1479061502000
"82 I St SE, Washington, DC 20003, USA","CE","GOOD",93,"GOOD","R34325",TRUE,"WMEFJ5DAXGK139348",-77.00488,38.87934,2016-11-23 07:25:03,1479914703000
"5109 F St SE, Washington, DC 20019, USA","CE","GOOD",60,"GOOD","EZ4211",FALSE,"WMEEJ3BA8EK766534",-76.92829,38.8815,2016-11-22 14:00:02,1479852002000
"2419-2439 39th St NW, Washington, DC 20007","CE","GOOD",78,"GOOD","EF6548",TRUE,"WMEFJ5DAXGK139382",-77.07701,38.92147,2016-11-09 17:50:02,1478742602000
"513-563 College St NW, Washington, DC 20059, USA","CE","GOOD",27,"GOOD","EZ4374",FALSE,"WMEEJ3BA6EK772221",-77.02031,38.92121,2016-11-14 17:20:02,1479172802000
"3206 11th Pl SE, Washington, DC 20032","CE","GOOD",59,"GOOD","R34428",TRUE,"WMEFJ5DA5GK125972",-76.99153,38.84365,2016-11-08 23:10:02,1478675402000
"5735 14th St NW, Washington, DC 20011, USA","CE","GOOD",27,"GOOD","R33750",FALSE,"WMEEJ3BA4EK734891",-77.03332,38.95977,2016-11-21 10:30:02,1479753002000
"2303 Ontario Rd NW, Washington, DC 20009, USA","CE","GOOD",45,"GOOD","EK6775",FALSE,"WMEEJ3BAXDK620554",-77.03975,38.92014,2016-11-19 03:15:02,1479554102000
"600 Farragut St NW, Washington, DC 20011, USA","CE","GOOD",48,"GOOD","EZ4224",FALSE,"WMEEJ3BA3EK764352",-77.02007,38.95098,2016-11-15 19:55:02,1479268502000
"415 20th St NE, Washington, DC 20002, USA","CE","GOOD",75,"GOOD","R34154",TRUE,"WMEFJ5DA7GK127481",-76.97618,38.89515,2016-12-02 09:20:03,1480699203000
"907 Quackenbos St NW, Washington, DC 20011","CE","GOOD",63,"GOOD","EZ4317",FALSE,"WMEEJ3BAXEK767295",-77.02727,38.96399,2016-11-10 01:25:02,1478769902000
"1125 4th St NE, Washington, DC 20002, USA","CE","GOOD",42,"GOOD","EU6661",FALSE,"WMEEJ3BA5EK748525",-77.00053,38.90445,2016-11-13 22:05:02,1479103502000
"5803 16th St N, Arlington, VA 22205, USA","CE","GOOD",46,"GOOD","EC6568",TRUE,"WMEFJ5DA7GK125343",-77.13843,38.88561,2016-11-25 16:35:02,1480120502000
"3212-3280 Fairfax Dr, Arlington, VA 22201, USA","CE","GOOD",48,"GOOD","EZ4324",FALSE,"WMEEJ3BAXEK762968",-77.09811,38.8855,2016-11-26 09:15:03,1480180503000
"3117-3119 38th St NW, Washington, DC 20016, USA","CE","GOOD",33,"GOOD","R34022",FALSE,"WMEEJ3BA1EK736775",-77.07445,38.93061,2016-11-11 13:10:02,1478898602000
"100-198 Massachusetts Ave NW, Washington, DC 20001","CE","GOOD",100,"GOOD","EW7157",FALSE,"WMEEJ3BA7EK764614",-77.01305,38.89898,2016-11-08 08:00:02,1478620802000
"801 Crittenden St NW, Washington, DC 20011, USA","CE","GOOD",60,"GOOD","EZ4354",FALSE,"WMEEJ3BA3EK773858",-77.02388,38.94729,2016-11-28 00:55:02,1480323302000
"4116 18th St NW, Washington, DC 20011, USA","CE","GOOD",33,"GOOD","EW7180",FALSE,"WMEEJ3BA9EK753517",-77.04131,38.94127,2016-11-29 11:20:02,1480447202000
"2052 West Virginia Ave NE, Washington, DC 20002, USA","CE","GOOD",43,"GOOD","R33794",TRUE,"WMEFJ5DA6GK140884",-76.98116,38.91467,2016-11-22 13:35:02,1479850502000
"1870-1874 California St NW, Washington, DC 20009","CE","GOOD",48,"GOOD","EU6689",FALSE,"WMEEJ3BA0EK763112",-77.0439,38.91786,2016-11-08 23:25:04,1478676304000
"20 Bryant St NW, Washington, DC 20001, USA","CE","GOOD",48,"GOOD","EZ4303",FALSE,"WMEEJ3BAXEK757267",-77.01005,38.92128,2016-12-02 21:30:02,1480743002000
"1873-1881 N Highland St, Arlington, VA 22201, USA","CE","GOOD",66,"GOOD","R34003",FALSE,"WMEEJ3BA6EK734052",-77.0943,38.89407,2016-11-19 00:05:03,1479542703000
"2416 10th St NE, Washington, DC 20018, USA","CE","GOOD",53,"GOOD","EF6573",TRUE,"WMEFJ5DAXGK139074",-76.9925,38.92213,2016-11-14 12:00:03,1479153603000
"2607 Monroe St NE, Washington, DC 20018, USA","CE","GOOD",56,"GOOD","R33798",TRUE,"WMEFJ5DA6GK125530",-76.96962,38.9331,2016-11-26 04:15:02,1480162502000
"906 I St NW, Washington, DC 20001, USA","CE","GOOD",60,"GOOD","EZ4232",FALSE,"WMEEJ3BA6EK766497",-77.02435,38.90093,2016-12-03 05:50:02,1480773002000
"3204-3206 Rowland Pl NW, Washington, DC 20008","CE","GOOD",42,"GOOD","EZ4368",FALSE,"WMEEJ3BA6EK775118",-77.06389,38.93799,2016-11-08 19:15:02,1478661302000
"5022 V St NW, Washington, DC 20007, USA","CE","GOOD",60,"GOOD","R34009",FALSE,"WMEEJ3BA7EK733752",-77.09801,38.91713,2016-11-21 08:05:02,1479744302000
"6235 North Dakota Ave NW, Washington, DC 20011, USA","CE","GOOD",33,"GOOD","R34010",FALSE,"WMEEJ3BAXEK733745",-77.01573,38.96592,2016-11-17 10:35:02,1479407702000
"5151-5299 36th St NW, Washington, DC, USA","CE","GOOD",53,"GOOD","EC6518",TRUE,"WMEFJ5DA8GK125867",-77.0686,38.95608,2016-11-26 16:00:02,1480204802000
"117 Varnum St NE, Washington, DC 20011, USA","CE","GOOD",84,"GOOD","FB1845",TRUE,"WMEFJ5DA0GK125314",-77.00472,38.94284,2016-11-17 01:05:02,1479373502000
"4600 S Four Mile Run Dr, Arlington, VA 22204, USA","CE","GOOD",96,"GOOD","R34051",FALSE,"WMEEJ3BA6EK733726",-77.10729,38.85526,2016-11-24 05:55:02,1479995702000
"5011 46th St NW, Washington, DC 20016, USA","CE","GOOD",90,"GOOD","EF6669",FALSE,"WMEEJ3BA4EK766885",-77.09057,38.95492,2016-11-23 18:15:02,1479953702000
"1210-1214 Meigs Pl NE, Washington, DC 20002, USA","CE","GOOD",42,"GOOD","EK6780",FALSE,"WMEEJ3BA4DK625975",-76.9856,38.90806,2016-11-11 21:10:03,1478927403000
"2315 S Grant St, Arlington, VA 22202, USA","CE","GOOD",54,"GOOD","R34050",FALSE,"WMEEJ3BA7EK737641",-77.05754,38.85313,2016-11-25 19:45:02,1480131902000
"1605 N Colonial Terrace, Arlington, VA 22209, USA","CE","GOOD",96,"GOOD","R34135",TRUE,"WMEFJ5DAXGK139933",-77.07632,38.89793,2016-11-14 17:45:02,1479174302000
"2229-2311 Virginia Ave NW, Washington, DC 20037, USA","CE","GOOD",100,"GOOD","EW7142",FALSE,"WMEEJ3BA0EK770769",-77.05044,38.89745,2016-11-15 11:10:02,1479237002000
"2-60 S George Mason Dr, Arlington, VA 22204","CE","GOOD",42,"GOOD","R34059",FALSE,"WMEEJ3BA1EK733293",-77.10713,38.8678,2016-11-11 00:05:02,1478851502000
"1360-1398 N Fort Myer Dr, Arlington, VA 22209, USA","CE","GOOD",30,"GOOD","EZ4246",FALSE,"WMEEJ3BAXEK770620",-77.07462,38.89016,2016-11-24 23:35:03,1480059303000
"1524 Newton St NW, Washington, DC 20010, USA","CE","GOOD",100,"GOOD","R34033",FALSE,"WMEEJ3BA4EK737418",-77.03596,38.93307,2016-11-23 03:30:02,1479900602000
"4537-4579 40th St NW, Washington, DC 20016, USA","CE","GOOD",37,"GOOD","R33882",TRUE,"WMEFJ5DA4GK139846",-77.07872,38.94923,2016-11-29 06:40:02,1480430402000
"303 Rittenhouse St NE, Washington, DC 20011, USA","CE","GOOD",48,"GOOD","EZ4273",FALSE,"WMEEJ3BA3EK767476",-77.00224,38.96493,2016-11-17 19:45:02,1479440702000
"5719 Blaine St NE, Washington, DC 20019, USA","CE","GOOD",68,"GOOD","R33885",TRUE,"WMEFJ5DA1GK139173",-76.92,38.89097,2016-12-03 04:05:02,1480766702000
"2936 McKinley St NW, Washington, DC 20015, USA","CE","GOOD",45,"GOOD","EZ4381",FALSE,"WMEEJ3BA0EK772036",-77.06045,38.96489,2016-11-17 13:35:03,1479418503000
"607 21st St NW, Washington, DC 20052","CE","GOOD",100,"GOOD","EU6691",FALSE,"WMEEJ3BA8EK763634",-77.0466,38.89774,2016-11-08 13:40:02,1478641202000
"836-838 Varnum St NW, Washington, DC 20011, USA","CE","GOOD",42,"GOOD","EZ4228",FALSE,"WMEEJ3BA4EK766594",-77.0247,38.94293,2016-12-02 21:10:02,1480741802000
"5007 Astor Pl SE, Washington, DC 20019, USA","CE","GOOD",75,"GOOD","FE7288",FALSE,"WMEEJ3BA5EK774008",-76.92969,38.88727,2016-12-01 02:45:02,1480589102000
"26th Street South, Arlington, 22202","CE","GOOD",96,"GOOD","EZ4367",FALSE,"WMEEJ3BA5EK775269",-77.05093,38.85004,2016-11-28 05:40:02,1480340402000
"900-934 4th St NE, Washington, DC 20002, USA","CE","GOOD",45,"GOOD","EZ4361",FALSE,"WMEEJ3BA6EK773384",-77.00058,38.90177,2016-11-25 05:35:02,1480080902000
"3961-3977 Wilson Blvd, Arlington, VA 22203, USA","CE","GOOD",100,"GOOD","EZ4396",FALSE,"WMEEJ3BA5EK773456",-77.1071,38.88002,2016-11-30 19:05:02,1480561502000
"1301-1307 Levis St NE, Washington, DC 20002, USA","CE","GOOD",100,"GOOD","EK6786",FALSE,"WMEEJ3BA8DK622772",-76.98463,38.90493,2016-11-14 16:15:02,1479168902000
"902 Butternut St NW, Washington, DC 20012, USA","CE","GOOD",24,"GOOD","EW7195",FALSE,"WMEEJ3BAXEK761674",-77.02599,38.97357,2016-11-23 16:30:03,1479947403000
"2401-2499 Douglas St NE, Washington, DC 20018, USA","CE","GOOD",56,"GOOD","R34148",TRUE,"WMEFJ5DA4GK140110",-76.97172,38.92342,2016-12-03 12:00:02,1480795202000
"2021 1st St NW, Washington, DC 20001, USA","CE","GOOD",96,"GOOD","EC0009",FALSE,"WMEEJ3BA9DK625647",-77.01212,38.91759,2016-11-20 06:15:02,1479651302000
"1915 North Harrison Street, Arlington, 22207","CE","GOOD",96,"GOOD","R33879",TRUE,"WMEFJ5DA3GK138803",-77.13234,38.8916,2016-11-10 19:50:02,1478836202000
"1534-1564 S Joyce St, Arlington, VA 22202, USA","CE","GOOD",60,"GOOD","EU6692",FALSE,"WMEEJ3BA7EK762295",-77.06342,38.85991,2016-11-25 14:15:02,1480112102000
"1766 Lyman Pl NE, Washington, DC 20002, USA","CE","GOOD",96,"GOOD","EZ4239",FALSE,"WMEEJ3BA6EK767956",-76.97692,38.90497,2016-11-30 18:15:02,1480558502000
"2615 Randolph St NE, Washington, DC 20018, USA","CE","GOOD",100,"GOOD","EZ4251",FALSE,"WMEEJ3BA1EK762325",-76.96923,38.93776,2016-11-17 22:00:02,1479448802000
"439 15th St SE, Washington, DC 20003, USA","CE","GOOD",100,"GOOD","EZ4228",FALSE,"WMEEJ3BA4EK766594",-76.98369,38.88309,2016-11-18 17:55:02,1479520502000
"1346-1350 Kalmia Rd NW, Washington, DC 20012, USA","CE","GOOD",40,"GOOD","EF6588",TRUE,"WMEFJ5DAXGK139401",-77.03202,38.98486,2016-11-24 21:25:02,1480051502000
"3602 John McCormack Dr NE, Washington, DC 20017, USA","CE","GOOD",66,"GOOD","EU6677",FALSE,"WMEEJ3BA1EK748358",-76.99583,38.93544,2016-11-13 15:55:02,1479081302000
"1361 Oak St NW, Washington, DC 20010, USA","CE","GOOD",100,"GOOD","EZ4262",FALSE,"WMEEJ3BA6EK748677",-77.03195,38.93389,2016-11-14 02:35:02,1479119702000
"4644-4808 Rockwood Pkwy NW, Washington, DC 20016, USA","CE","GOOD",30,"GOOD","EZ4394",FALSE,"WMEEJ3BA6EK776074",-77.09067,38.93452,2016-11-15 14:35:02,1479249302000
"4201 Wilson Blvd, Arlington, VA 22203, USA","CE","GOOD",100,"GOOD","EZ4349",FALSE,"WMEEJ3BA0EK768438",-77.11077,38.87997,2016-12-02 21:40:02,1480743602000
"5924 Arlington Blvd, Arlington, VA 22204, USA","CE","GOOD",69,"GOOD","EU6695",FALSE,"WMEEJ3BA2EK762088",-77.13488,38.86588,2016-11-28 21:15:02,1480396502000
"1255-1269 25th St NW, Washington, DC 20037","CE","GOOD",51,"GOOD","EZ4352",FALSE,"WMEEJ3BA8EK770826",-77.05324,38.90665,2016-11-09 18:55:02,1478746502000
"6622 5th St NW, Washington, DC 20012, USA","CE","GOOD",100,"GOOD","R34048",FALSE,"WMEEJ3BA8EK737776",-77.01994,38.97075,2016-11-28 16:30:02,1480379402000
"3103-3105 Macomb St NW, Washington, DC 20008, USA","CE","GOOD",36,"GOOD","EZ4273",FALSE,"WMEEJ3BA3EK767476",-77.06205,38.93358,2016-11-20 10:25:02,1479666302000
"1601-1699 Florida Ave NW, Washington, DC 20009, USA","CE","GOOD",45,"GOOD","EZ4237",FALSE,"WMEEJ3BA2EK769106",-77.03779,38.91879,2016-11-28 00:35:02,1480322102000
"217 Longfellow St NW, Washington, DC 20011, USA","CE","GOOD",71,"GOOD","EF6556",TRUE,"WMEFJ5DA2GK139392",-77.01466,38.95766,2016-12-01 02:55:03,1480589703000
"1157-1181 Vermont Ave NW, Washington, DC 20005, USA","CE","GOOD",60,"GOOD","EZ4368",FALSE,"WMEEJ3BA6EK775118",-77.03248,38.90462,2016-11-26 15:35:02,1480203302000
"815 18th St S, Arlington, VA 22202, USA","CE","GOOD",31,"GOOD","R33786",TRUE,"WMEFJ5DA9GK139227",-77.06018,38.85713,2016-11-23 02:35:03,1479897303000
"5017 1st St NW, Washington, DC 20011, USA","CE","GOOD",100,"GOOD","EK6765",FALSE,"WMEEJ3BA2DK621035",-77.0121,38.95112,2016-11-11 10:35:03,1478889303000
"The Acadia, Arlington, VA 22202","CE","GOOD",100,"GOOD","EZ4341",FALSE,"WMEEJ3BA5EK767088",-77.05657,38.86236,2016-11-08 10:15:02,1478628902000
"5611 7th St N, Arlington, VA 22205","CE","GOOD",90,"GOOD","R33782",TRUE,"WMEFJ5DA9GK140118",-77.12782,38.87408,2016-11-08 10:35:03,1478630103000
"1312 Q St NW, Washington, DC 20009, USA","CE","GOOD",60,"GOOD","EZ4320",FALSE,"WMEEJ3BA7EK762815",-77.0304,38.91112,2016-11-11 13:05:02,1478898302000
"3833 Fairfax Dr, Arlington, VA 22203, USA","CE","GOOD",37,"GOOD","EP0026",TRUE,"WMEFJ5DA0GK139410",-77.10646,38.88255,2016-11-22 07:05:02,1479827102000
"4711 Reservoir Rd NW, Washington, DC 20007, USA","CE","GOOD",60,"GOOD","EW7151",FALSE,"WMEEJ3BA3EK766814",-77.09016,38.91424,2016-11-28 02:35:02,1480329302000
"3101-3235 Van Ness St NW, Washington, DC 20008, USA","CE","GOOD",84,"GOOD","EU6617",FALSE,"WMEEJ3BA9EK761908",-77.06399,38.94322,2016-11-30 20:15:02,1480565702000
"1501-1599 Portal Dr NW, Washington, MD 20012, USA","CE","GOOD",63,"GOOD","EW7119",FALSE,"WMEEJ3BA1EK769906",-77.03525,38.99081,2016-11-23 21:30:02,1479965402000
"1208 Owen Pl NE, Washington, DC 20002, USA","CE","GOOD",100,"GOOD","EZ4303",FALSE,"WMEEJ3BAXEK757267",-76.98758,38.90588,2016-11-18 13:15:02,1479503702000
"4500-4598 Q St NW, Washington, DC 20007, USA","CE","GOOD",34,"GOOD","EF6567",TRUE,"WMEFJ5DA0GK139245",-77.08605,38.90941,2016-11-14 07:10:02,1479136202000
"3810-3898 Newark St NW, Washington, DC 20016, USA","CE","GOOD",96,"GOOD","EK6771",FALSE,"WMEEJ3BA8DK625431",-77.07665,38.93569,2016-11-29 14:40:03,1480459203000
"1236 Owen Pl NE, Washington, DC 20002, USA","CE","GOOD",60,"GOOD","EW7190",FALSE,"WMEEJ3BA9EK766249",-76.98665,38.90549,2016-12-04 04:45:02,1480855502000
"404 Richardson Pl NW, Washington, DC 20001, USA","CE","GOOD",100,"GOOD","EZ4360",FALSE,"WMEEJ3BA0EK773445",-77.01655,38.91324,2016-12-04 17:05:02,1480899902000
"248 Gallatin St NW, Washington, DC 20011, USA","CE","GOOD",33,"GOOD","R34059",FALSE,"WMEEJ3BA1EK733293",-77.01524,38.95221,2016-11-27 14:00:02,1480284002000
"3843 Macomb St NW, Washington, DC 20016, USA","CE","GOOD",21,"GOOD","R34159",TRUE,"WMEFJ5DA0GK139942",-77.07664,38.93355,2016-11-30 13:45:02,1480542302000
"931 Westminster St NW, Washington, DC 20001, USA","CE","GOOD",60,"GOOD","EZ4390",FALSE,"WMEEJ3BA7EK775130",-77.0252,38.91489,2016-11-13 19:25:02,1479093902000
"1200 S Nash St, Arlington, VA 22202, USA","CE","GOOD",72,"GOOD","EZ9127",FALSE,"WMEEJ3BA8EK772169",-77.06652,38.86384,2016-11-29 11:45:03,1480448703000
"1226 Vermont Ave NW, Washington, DC 20005, USA","CE","GOOD",66,"GOOD","EZ4308",FALSE,"WMEEJ3BA1EK764737",-77.03144,38.90668,2016-11-18 07:15:03,1479482103000
"1624-1630 Crescent Pl NW, Washington, DC 20009","CE","GOOD",63,"GOOD","EZ4286",FALSE,"WMEEJ3BA2EK766450",-77.03826,38.92059,2016-11-10 05:05:02,1478783102000
"3414 29th St NW, Washington, DC 20008, USA","CE","GOOD",75,"GOOD","EW7139",FALSE,"WMEEJ3BAXEK768091",-77.0599,38.93494,2016-11-28 12:45:03,1480365903000
"1-99 5th St NE, Washington, DC 20002, USA","CE","GOOD",66,"GOOD","EZ4309",FALSE,"WMEEJ3BA7EK764919",-76.99945,38.89066,2016-11-16 00:40:03,1479285603000
"4720 Linnean Ave NW, Washington, DC 20008, USA","CE","GOOD",48,"GOOD","EZ4278",FALSE,"WMEEJ3BAXEK768611",-77.05934,38.95155,2016-12-04 06:40:03,1480862403000
"1835 Newton St NW, Washington, DC 20010, USA","CE","GOOD",100,"GOOD","EK6726",FALSE,"WMEEJ3BAXDK623485",-77.04256,38.93418,2016-11-26 20:10:02,1480219802000
"1308 G St NW, Washington, DC 20004, USA","CE","GOOD",36,"GOOD","EZ4356",FALSE,"WMEEJ3BA3EK776551",-77.03047,38.89825,2016-12-01 10:30:03,1480617003000
"90 Webster St NE, Washington, DC 20011","CE","GOOD",84,"GOOD","EZ4399",FALSE,"WMEEJ3BA0EK775857",-77.00624,38.94456,2016-11-09 18:15:02,1478744102000
"526 10th St NE, Washington, DC 20002, USA","CE","GOOD",71,"GOOD","R33646",TRUE,"WMEFJ5DA6GK078080",-76.99267,38.89711,2016-11-11 22:15:02,1478931302000
"1503 Marion St NW, Washington, DC 20001, USA","CE","GOOD",69,"GOOD","EU6691",FALSE,"WMEEJ3BA8EK763634",-77.02091,38.90979,2016-12-01 20:55:02,1480654502000
"3801 39th St NW, Washington, DC 20016, USA","CE","GOOD",69,"GOOD","EZ4283",FALSE,"WMEEJ3BA2EK768988",-77.07807,38.93934,2016-12-01 00:15:02,1480580102000
"1412 22nd St SE, Washington, DC 20020, USA","CE","GOOD",100,"GOOD","R34421",TRUE,"WMEFJ5DA9GK123397",-76.97501,38.87352,2016-11-15 02:00:02,1479204002000
"United States","CE","GOOD",100,"GOOD","EZ4325",FALSE,"WMEEJ3BAXEK762386",-77.01904,38.92949,2016-11-10 04:00:02,1478779202000
"1351 Maryland Ave NE, Washington, DC 20002, USA","CE","GOOD",100,"GOOD","EZ9133",FALSE,"WMEEJ3BA0EK773588",-76.98669,38.89848,2016-11-23 22:40:03,1479969603000
"5208 45th St NW, Washington, DC 20015, USA","CE","GOOD",37,"GOOD","R33646",TRUE,"WMEFJ5DA6GK078080",-77.08873,38.9575,2016-11-21 07:40:02,1479742802000
"1776 K St NW, Washington, DC 20006, USA","CE","GOOD",100,"GOOD","EW7116",FALSE,"WMEEJ3BA5EK761226",-77.04111,38.90237,2016-11-16 05:35:02,1479303302000
"419 W St NE, Washington, DC 20002, USA","CE","GOOD",39,"GOOD","R33753",FALSE,"WMEEJ3BA9EK734742",-76.99976,38.91914,2016-11-13 05:15:03,1479042903000
"1215 N Fort Myer Dr, Arlington, VA 22209, USA","CE","GOOD",100,"GOOD","R34019",FALSE,"WMEEJ3BA7EK735520",-77.07493,38.88889,2016-11-23 13:10:03,1479935403000
"1234 Simms Pl NE, Washington, DC 20002, USA","CE","GOOD",100,"GOOD","EZ4283",FALSE,"WMEEJ3BA2EK768988",-76.98412,38.90916,2016-11-17 05:10:02,1479388202000
"6614 Eastern Ave, Washington, DC 20012, USA","CE","GOOD",57,"GOOD","EZ4287",FALSE,"WMEEJ3BA8EK766601",-77.00883,38.97063,2016-11-17 13:15:02,1479417302000
"3221-3233 Walbridge Pl NW, Washington, DC 20010, USA","CE","GOOD",57,"GOOD","EU6670",FALSE,"WMEEJ3BA6EK752955",-77.04536,38.9321,2016-11-12 23:20:02,1479021602000
"2920-2998 Arlington Blvd, Arlington, VA 22204","CE","GOOD",78,"GOOD","R33795",TRUE,"WMEFJ5DA6GK139718",-77.09053,38.87312,2016-11-09 15:10:02,1478733002000
"5040 Astor Pl SE, Washington, DC 20019, USA","CE","GOOD",87,"GOOD","FB2286",TRUE,"WMEFJ5DA7GK139436",-76.92886,38.88722,2016-11-16 12:00:02,1479326402000
"720 16th St NE, Washington, DC 20002, USA","CE","GOOD",34,"GOOD","EC6576",TRUE,"WMEFJ5DA7GK126105",-76.98167,38.89937,2016-11-22 02:35:03,1479810903000
"3195-3319 Banneker Dr NE, Washington, DC 20018, USA","CE","GOOD",50,"GOOD","R34437",TRUE,"WMEFJ5DA1GK127542",-76.96149,38.92613,2016-12-04 04:35:02,1480854902000
"1002 4th St NE, Washington, DC 20002, USA","CE","GOOD",100,"GOOD","R34076",FALSE,"WMEEJ3BA0EK734581",-77.00061,38.90274,2016-11-23 21:45:02,1479966302000
"1839 Ontario Pl NW, Washington, DC 20009, USA","CE","GOOD",100,"GOOD","EU6690",FALSE,"WMEEJ3BA0EK764289",-77.04345,38.9249,2016-11-26 07:35:02,1480174502000
"41-99 Evarts St NE, Washington, DC 20002, USA","CE","GOOD",100,"GOOD","R34051",FALSE,"WMEEJ3BA6EK733726",-77.00809,38.92449,2016-11-21 01:45:02,1479721502000
"1248 Florida Ave NW, Washington, DC 20009, USA","CE","GOOD",78,"GOOD","EZ4210",FALSE,"WMEEJ3BA6EK749411",-77.02909,38.9206,2016-11-17 15:30:03,1479425403000
"3801 39th St NW, Washington, DC 20016, USA","CE","GOOD",50,"GOOD","EF6575",TRUE,"WMEFJ5DA3GK137991",-77.07801,38.93929,2016-11-22 23:10:03,1479885003000
"2924 28th St NW, Washington, DC 20008, USA","CE","GOOD",30,"GOOD","EZ4350",FALSE,"WMEEJ3BA9EK767630",-77.05696,38.92941,2016-11-27 03:00:02,1480244402000
"5033 V St NW, Washington, DC 20007, USA","CE","GOOD",25,"GOOD","R34429",TRUE,"WMEFJ5DA5GK125664",-77.09844,38.91705,2016-11-30 23:55:02,1480578902000
"4301-4399 Garrison St NW, Washington, MD 20016, USA","CE","GOOD",100,"GOOD","R33758",FALSE,"WMEEJ3BA7EK734190",-77.08502,38.95601,2016-11-15 06:15:02,1479219302000
"1882 Monroe St NW, Washington, DC 20010","CE","GOOD",36,"GOOD","R34023",FALSE,"WMEEJ3BA8EK736370",-77.04391,38.93328,2016-11-09 21:55:03,1478757303000
"5420 27th St NW, Washington, DC 20015, USA","CE","GOOD",28,"GOOD","R34319",TRUE,"WMEFJ5DA7GK140134",-77.05625,38.96162,2016-11-14 09:55:02,1479146102000
"1873-1881 N Highland St, Arlington, VA 22201, USA","CE","GOOD",51,"GOOD","EZ4336",FALSE,"WMEEJ3BA7EK768825",-77.0943,38.89407,2016-11-14 00:00:02,1479110402000
"4828 27th Pl N, Arlington, VA 22207","CE","GOOD",100,"GOOD","R34321",TRUE,"WMEFJ5DA8GK127828",-77.13107,38.90406,2016-11-08 16:10:02,1478650202000
"6645 Georgia Ave NW, Washington, DC 20012, USA","CE","GOOD",48,"GOOD","EZ9136",FALSE,"WMEEJ3BA7EK775094",-77.02709,38.97121,2016-11-19 10:35:02,1479580502000
"2642 N Pershing Dr, Arlington, VA 22201","CE","GOOD",75,"GOOD","EW7157",FALSE,"WMEEJ3BA7EK764614",-77.09004,38.88077,2016-11-10 09:05:02,1478797502000
"7135 Piney Branch Rd NW, Washington, DC 20012, USA","CE","GOOD",90,"GOOD","R34063",FALSE,"WMEEJ3BA5EK733183",-77.01974,38.97748,2016-12-04 03:10:02,1480849802000
"1901-1931 N Sycamore St, Arlington, VA 22205, USA","CE","GOOD",66,"GOOD","EW7144",FALSE,"WMEEJ3BA0EK768035",-77.15611,38.88525,2016-12-02 09:05:02,1480698302000
"5011 14th St NW, Washington, DC 20011","CE","GOOD",53,"GOOD","R34441",TRUE,"WMEFJ5DA0GK123255",-77.03334,38.95116,2016-11-08 16:40:02,1478652002000
"1205-1207 Queen St NE, Washington, DC 20002","CE","GOOD",100,"GOOD","EK6759",FALSE,"WMEEJ3BA7DK626019",-76.98689,38.90693,2016-11-08 13:30:02,1478640602000
"900-998 Tuckerman St NW, Washington, DC 20011, USA","CE","GOOD",100,"GOOD","EW7120",FALSE,"WMEEJ3BA0EK772568",-77.02693,38.96723,2016-11-25 13:35:02,1480109702000
"450 Taylor St NE, Washington, DC 20017, USA","CE","GOOD",57,"GOOD","R34071",FALSE,"WMEEJ3BA7EK733069",-77.00161,38.94194,2016-11-14 00:15:02,1479111302000
"201-263 Allison St NW, Washington, DC 20011, USA","CE","GOOD",87,"GOOD","EN9948",TRUE,"WMEFJ5DA6GK123342",-77.01506,38.94545,2016-11-27 03:25:02,1480245902000
"6896 Laurel St NW, Washington, DC 20012, USA","CE","GOOD",40,"GOOD","R34443",TRUE,"WMEFJ5DAXGK123683",-77.01303,38.97374,2016-11-25 22:20:03,1480141203000
"1500-1574 S Hayes St, Arlington, VA 22202, USA","CE","GOOD",33,"GOOD","EW7163",FALSE,"WMEEJ3BAXEK748634",-77.05977,38.85946,2016-12-02 21:10:02,1480741802000
"3355 Frankford St SE, Washington, DC 20020, USA","CE","GOOD",100,"GOOD","R34056",FALSE,"WMEEJ3BA3EK733599",-76.95913,38.85642,2016-11-25 16:00:02,1480118402000
"2519-2579 Arlington Blvd, Arlington, VA 22201, USA","CE","GOOD",21,"GOOD","EZ4360",FALSE,"WMEEJ3BA0EK773445",-77.0867,38.87445,2016-11-25 01:45:02,1480067102000
"1601-1781 39th St NW, Washington, DC 20007, USA","CE","GOOD",65,"GOOD","EC6549",TRUE,"WMEFJ5DA6GK138990",-77.07555,38.91366,2016-11-29 07:05:02,1480431902000
"2118 3rd St NE, Washington, DC 20002, USA","CE","GOOD",68,"GOOD","EC6556",TRUE,"WMEFJ5DA7GK139792",-77.00207,38.91864,2016-11-15 04:05:02,1479211502000
"3013 Beech St NW, Washington, DC 20015, USA","CE","GOOD",43,"GOOD","EP0411",TRUE,"WMEFJ5DA3GK138915",-77.05327,38.97718,2016-11-23 11:10:02,1479928202000
"2066-2074 15th St N, Arlington, VA 22201, USA","CE","GOOD",36,"GOOD","FB7690",FALSE,"WMEEJ3BA0EK771873",-77.08422,38.89078,2016-11-29 15:40:02,1480462802000
"125 Bates St NW, Washington, DC 20001","CE","GOOD",68,"GOOD","R34433",TRUE,"WMEFJ5DA2GK140526",-77.01307,38.91038,2016-11-08 17:10:02,1478653802000
"1401-1543 Fairfax Dr, Arlington, VA 22209, USA","CE","GOOD",100,"GOOD","EU6640",FALSE,"WMEEJ3BA9EK766588",-77.07243,38.89292,2016-11-11 23:40:02,1478936402000
"2005-2033 Wilson Blvd, Arlington, VA 22201","CE","GOOD",100,"GOOD","EW7124",FALSE,"WMEEJ3BA5EK768533",-77.08271,38.89227,2016-11-08 14:10:02,1478643002000
"2300 Decatur Pl NW, Washington, DC 20008, USA","CE","GOOD",100,"GOOD","EU6666",FALSE,"WMEEJ3BA0EK748867",-77.05058,38.91332,2016-11-12 16:05:03,1478995503000
"315 S Garfield St, Arlington, VA 22204, USA","CE","GOOD",69,"GOOD","EU6680",FALSE,"WMEEJ3BA0EK748318",-77.08991,38.86934,2016-11-30 11:10:03,1480533003000
"2822 Arizona Terrace NW, Washington, DC 20016, USA","CE","GOOD",60,"GOOD","EU6700",FALSE,"WMEEJ3BA1EK762423",-77.1034,38.92854,2016-12-04 20:55:02,1480913702000
"2467 Sherman Ave NW, Washington, DC 20001, USA","CE","GOOD",78,"GOOD","R33880",TRUE,"WMEFJ5DA8GK139221",-77.02529,38.92266,2016-11-18 14:55:03,1479509703000
"3501-3647 Ely Pl SE, Washington, DC 20019, USA","CE","GOOD",21,"GOOD","EU6683",FALSE,"WMEEJ3BA5EK762649",-76.95447,38.88368,2016-11-28 23:40:02,1480405202000
"1009 N Kensington St, Arlington, VA 22205, USA","CE","GOOD",90,"GOOD","EU6700",FALSE,"WMEEJ3BA1EK762423",-77.13289,38.88059,2016-11-28 00:15:02,1480320902000
"5823 Sherier Pl NW, Washington, DC 20016, USA","CE","GOOD",39,"GOOD","EU6706",FALSE,"WMEEJ3BA6EK762935",-77.11221,38.93481,2016-11-15 05:35:02,1479216902000
"5801-5901 9th St NW, Washington, DC 20011, USA","CE","GOOD",100,"GOOD","R33751",FALSE,"WMEEJ3BA3EK734770",-77.02593,38.96125,2016-11-10 15:00:02,1478818802000
"35th Street South, Arlington, VA 22202","CE","GOOD",60,"GOOD","EK6791",FALSE,"WMEEJ3BA1DK618806",-77.05081,38.84424,2016-11-11 06:45:02,1478875502000
"6217 2nd St NW, Washington, DC 20011, USA","CE","GOOD",37,"GOOD","R34337",TRUE,"WMEFJ5DA2GK139974",-77.01362,38.9656,2016-11-24 10:25:03,1480011903000
"4300 Wilson Blvd, Arlington, VA 22203, USA","CE","GOOD",84,"GOOD","EZ4366",FALSE,"WMEEJ3BA0EK776460",-77.11266,38.88003,2016-11-15 08:45:02,1479228302000
"3247 38th St NW, Washington, DC 20016, USA","CE","GOOD",81,"GOOD","R34320",TRUE,"WMEFJ5DA8GK124377",-77.07397,38.93329,2016-11-16 04:25:02,1479299102000
"700-704 A St SE, Washington, DC 20003, USA","CE","GOOD",100,"GOOD","EK6735",FALSE,"WMEEJ3BA2DK619429",-76.99596,38.88869,2016-11-27 08:25:02,1480263902000
"1300-1398 1st St NW, Washington, DC 20001","CE","GOOD",45,"GOOD","EZ4380",FALSE,"WMEEJ3BA2EK771910",-77.01218,38.9084,2016-11-09 19:30:02,1478748602000
"119 Peabody St NW, Washington, DC 20011, USA","CE","GOOD",100,"GOOD","EU6630",FALSE,"WMEEJ3BA1EK763863",-77.01201,38.96278,2016-11-27 07:30:03,1480260603000
"1200-1398 Delaware Ave SW, Washington, DC 20024, USA","CE","GOOD",75,"GOOD","EC6536",TRUE,"WMEFJ5DAXGK139365",-77.0144,38.87455,2016-11-10 21:55:02,1478843702000
"71 Gallatin St NW, Washington, DC 20011, USA","CE","GOOD",100,"GOOD","EU6676",FALSE,"WMEEJ3BA4EK748581",-77.01162,38.95234,2016-11-17 00:20:03,1479370803000
"2760 Devonshire Pl NW, Washington, DC 20008, USA","CE","GOOD",37,"GOOD","EP0026",TRUE,"WMEFJ5DA0GK139410",-77.05798,38.93104,2016-11-13 23:20:03,1479108003000
"4000 Van Ness Street Northwest, Washington, 20016","CE","GOOD",42,"GOOD","EU6631",FALSE,"WMEEJ3BA3EK766361",-77.07954,38.94202,2016-12-01 13:15:03,1480626903000
"2-230 Oglethorpe St NW, Washington, DC 20011, USA","CE","GOOD",36,"GOOD","EZ4307",FALSE,"WMEEJ3BA9EK763917",-77.01408,38.96129,2016-11-24 23:25:02,1480058702000
"2704 25th St N, Arlington, VA 22207, USA","CE","GOOD",62,"GOOD","R34419",TRUE,"WMEFJ5DA9GK124260",-77.09419,38.90233,2016-11-24 14:40:02,1480027202000
"2316 17th St NW, Washington, DC 20009, USA","CE","GOOD",100,"GOOD","EU6681",FALSE,"WMEEJ3BA4EK748337",-77.03886,38.92074,2016-11-13 04:45:02,1479041102000
"1516 Portal Dr NW, Washington, DC 20012, USA","CE","GOOD",60,"GOOD","R33755",FALSE,"WMEEJ3BA0EK734368",-77.03554,38.9906,2016-11-25 07:10:02,1480086602000
"312 S Highland St, Arlington, VA 22204, USA","CE","GOOD",100,"GOOD","EZ4370",FALSE,"WMEEJ3BA5EK772758",-77.09087,38.86907,2016-11-11 05:00:03,1478869203000
"4720 Linnean Ave NW, Washington, DC 20008, USA","CE","GOOD",48,"GOOD","EZ4278",FALSE,"WMEEJ3BAXEK768611",-77.05934,38.95155,2016-12-04 12:45:02,1480884302000
"1943-2001 23rd St NW, Washington, DC 20008","CE","GOOD",81,"GOOD","EU6675",FALSE,"WMEEJ3BA8EK753167",-77.05059,38.91695,2016-11-08 20:40:03,1478666403000
"2301-2399 N St NW, Washington, DC 20037, USA","CE","GOOD",100,"GOOD","EZ9132",FALSE,"WMEEJ3BA1EK775575",-77.05119,38.90735,2016-11-17 12:00:02,1479412802000
"3007-3031 Sedgwick St NW, Washington, DC 20008, USA","CE","GOOD",15,"GOOD","R34433",TRUE,"WMEFJ5DA2GK140526",-77.06157,38.93951,2016-11-20 14:25:02,1479680702000
"1125 K St NW, Washington, DC 20005, USA","CE","GOOD",42,"GOOD","R34004",FALSE,"WMEEJ3BA0EK733950",-77.03505,38.90249,2016-11-27 14:45:02,1480286702000
"1814 C St SE, Washington, DC 20003, USA","CE","GOOD",30,"GOOD","EZ4358",FALSE,"WMEEJ3BAXEK775199",-76.97826,38.8854,2016-11-13 14:30:02,1479076202000
"5201-5299 44th St NW, Washington, MD 20016, USA","CE","GOOD",39,"GOOD","R34007",FALSE,"WMEEJ3BA9EK733848",-77.08625,38.95791,2016-11-24 02:20:03,1479982803000
"1008 Taylor St NE, Washington, DC 20017","CE","GOOD",100,"GOOD","EU6641",FALSE,"WMEEJ3BA3EK761516",-76.99112,38.94077,2016-11-09 02:55:02,1478688902000
"4501 Dexter St NW, Washington, DC 20007, USA","CE","GOOD",30,"GOOD","EK6774",FALSE,"WMEEJ3BA3DK621352",-77.08754,38.9248,2016-11-12 08:45:02,1478969102000
"3307-3401 Q St NW, Washington, DC 20007, USA","CE","GOOD",90,"GOOD","EZ4309",FALSE,"WMEEJ3BA7EK764919",-77.06753,38.91078,2016-11-10 23:45:02,1478850302000
"4121 13th Pl NE, Washington, DC 20017, USA","CE","GOOD",90,"GOOD","EZ4264",FALSE,"WMEEJ3BA5EK748279",-76.98709,38.94051,2016-11-18 12:35:02,1479501302000
"3421 Eads St NE, Washington, DC 20019, USA","CE","GOOD",75,"GOOD","R34055",FALSE,"WMEEJ3BA2EK733643",-76.95662,38.8955,2016-11-19 01:20:02,1479547202000
"2804 Buena Vista Terrace SE, Washington, DC 20020, USA","CE","GOOD",25,"GOOD","EC6558",TRUE,"WMEFJ5DA9GK126137",-76.96773,38.85608,2016-11-29 03:15:02,1480418102000
"1300 Emerald St NE, Washington, DC 20002, USA","CE","GOOD",57,"GOOD","EZ4226",FALSE,"WMEEJ3BA8EK762953",-76.98807,38.89672,2016-11-26 18:45:02,1480214702000
"3910-3974 Watson Pl NW, Washington, DC 20016, USA","CE","GOOD",100,"GOOD","R34019",FALSE,"WMEEJ3BA7EK735520",-77.07839,38.92683,2016-11-22 04:35:02,1479818102000
"4121 4th St NW, Washington, DC 20011, USA","CE","GOOD",56,"GOOD","R33888",TRUE,"WMEFJ5DA0GK138998",-77.01703,38.94123,2016-11-10 18:45:02,1478832302000
"1372-1398 Webster St NE, Washington, MD 20017","CE","GOOD",31,"GOOD","R33784",TRUE,"WMEFJ5DA9GK139812",-76.98606,38.94426,2016-11-09 18:35:03,1478745303000
"126 Taussig Pl NE, Washington, DC 20011, USA","CE","GOOD",56,"GOOD","R34150",TRUE,"WMEFJ5DA4GK141855",-77.0049,38.94152,2016-11-21 00:35:03,1479717303000
"117-177 G St SW, Washington, DC 20024, USA","CE","GOOD",87,"GOOD","R34008",FALSE,"WMEEJ3BA4EK733806",-77.01302,38.88134,2016-11-16 19:15:02,1479352502000
"2100-2116 13th St SE, Washington, DC 20020, USA","CE","GOOD",100,"GOOD","EZ4248",FALSE,"WMEEJ3BA4EK766918",-76.98758,38.86526,2016-11-19 03:25:02,1479554702000
"4098 Benton St NW, Washington, DC 20007, USA","CE","GOOD",57,"GOOD","EW7127",FALSE,"WMEEJ3BA1EK766570",-77.0808,38.92107,2016-12-02 02:10:04,1480673404000
"1672 21st St N, Arlington, VA 22209, USA","CE","GOOD",46,"GOOD","R34322",TRUE,"WMEFJ5DA8GK139963",-77.07893,38.89869,2016-11-27 13:10:02,1480281002000
"1903 Randolph St NE, Washington, DC 20018, USA","CE","GOOD",90,"GOOD","EF6526",TRUE,"WMEFJ5DA6GK139136",-76.97804,38.93828,2016-11-26 15:50:02,1480204202000
"801-807 Decatur St NE, Washington, DC 20017, USA","CE","GOOD",12,"GOOD","R33758",FALSE,"WMEEJ3BA7EK734190",-76.99449,38.94823,2016-12-04 19:00:02,1480906802000
"306 Evarts St NE, Washington, DC 20002, USA","CE","GOOD",56,"GOOD","EC6532",TRUE,"WMEFJ5DA9GK125490",-77.00154,38.92458,2016-12-04 20:25:02,1480911902000
"1216 Underwood St NW, Washington, DC 20012, USA","CE","GOOD",100,"GOOD","EZ4260",FALSE,"WMEEJ3BA6EK748470",-77.02812,38.96896,2016-11-28 16:40:02,1480380002000
"35th St S, Arlington, 22202","CE","GOOD",60,"GOOD","EK6791",FALSE,"WMEEJ3BA1DK618806",-77.0508,38.84428,2016-11-13 14:10:02,1479075002000
"1529 25th St SE, Washington, DC 20020, USA","CE","GOOD",75,"GOOD","EZ4304",FALSE,"WMEEJ3BA2EK766805",-76.97098,38.87182,2016-12-04 11:10:03,1480878603000
"81-95 Potomac Ave SE, Washington, DC 20003, USA","CE","GOOD",53,"GOOD","EC6560",TRUE,"WMEFJ5DA7GK139775",-77.0068,38.87158,2016-11-11 09:15:02,1478884502000
"3227 Northampton St NW, Washington, DC 20015, USA","CE","GOOD",31,"GOOD","R34439",TRUE,"WMEFJ5DA1GK124057",-77.06618,38.96583,2016-11-30 16:30:02,1480552202000
"4120 Van Ness Street Northwest, Washington, 20016","CE","GOOD",100,"GOOD","EZ9115",FALSE,"WMEEJ3BA5EK771545",-77.07986,38.94167,2016-11-24 21:30:02,1480051802000
"1402 K St SE, Washington, DC 20003, USA","CE","GOOD",63,"GOOD","EK6780",FALSE,"WMEEJ3BA4DK625975",-76.9853,38.87844,2016-11-27 17:55:02,1480298102000
"2508 N Quebec St, Arlington, VA 22207, USA","CE","GOOD",100,"GOOD","EU6645",FALSE,"WMEEJ3BA9EK768003",-77.10531,38.90565,2016-12-02 22:20:02,1480746002000
"315 W St NE, Washington, DC 20002, USA","CE","GOOD",33,"GOOD","EZ4297",FALSE,"WMEEJ3BA8EK753850",-77.00137,38.91915,2016-11-13 17:30:02,1479087002000
"2040 Belmont Rd NW, Washington, DC 20009","CE","GOOD",96,"GOOD","EZ4273",FALSE,"WMEEJ3BA3EK767476",-77.04855,38.91998,2016-11-09 18:05:02,1478743502000
"912 N Wayne St, Arlington, VA 22201, USA","CE","GOOD",40,"GOOD","EF6584",TRUE,"WMEFJ5DA2GK138985",-77.08622,38.88387,2016-11-29 06:05:03,1480428303000
"United States","CE","GOOD",87,"GOOD","R34056",FALSE,"WMEEJ3BA3EK733599",-77.15745,38.88532,2016-11-10 15:50:02,1478821802000
"3206 11th Pl SE, Washington, DC 20032, USA","CE","GOOD",9,"GOOD","EF6556",TRUE,"WMEFJ5DA2GK139392",-76.99153,38.84363,2016-11-17 22:05:02,1479449102000
"1870 Newton St NW, Washington, DC 20010, USA","CE","GOOD",63,"GOOD","EZ4209",FALSE,"WMEEJ3BA5EK761811",-77.04336,38.93414,2016-12-04 20:50:02,1480913402000
"4112 Illinois Ave NW, Washington, DC 20011, USA","CE","GOOD",100,"GOOD","EZ4318",FALSE,"WMEEJ3BA5EK763655",-77.01839,38.94165,2016-11-17 00:45:02,1479372302000
"1419 D St NE, Washington, DC 20002, USA","CE","GOOD",34,"GOOD","R33798",TRUE,"WMEFJ5DA6GK125530",-76.98469,38.89478,2016-11-22 00:45:03,1479804303000
"1623-1625 E St SE, Washington, DC 20003","CE","GOOD",90,"GOOD","EZ9118",FALSE,"WMEEJ3BA9EK774139",-76.98141,38.88284,2016-11-08 23:10:02,1478675402000
"1405 Otis St NE, Washington, DC 20017, USA","CE","GOOD",100,"GOOD","EK6778",FALSE,"WMEEJ3BA6DK621264",-76.9861,38.93474,2016-11-17 23:10:02,1479453002000
"5122 Fulton St NW, Washington, DC 20016, USA","CE","GOOD",45,"GOOD","EZ4276",FALSE,"WMEEJ3BA2EK771289",-77.10113,38.92608,2016-11-13 17:55:02,1479088502000
"637 Orleans Pl NE, Washington, DC 20002","CE","GOOD",100,"GOOD","EU6641",FALSE,"WMEEJ3BA3EK761516",-76.99709,38.90495,2016-11-08 19:10:02,1478661002000
"5829 Nebraska Ave NW, Washington, DC 20015, USA","CE","GOOD",100,"GOOD","EZ4312",FALSE,"WMEEJ3BA5EK766328",-77.06009,38.96746,2016-11-19 06:55:02,1479567302000
"18 10th St NE, Washington, DC 20002","CE","GOOD",100,"GOOD","EZ9136",FALSE,"WMEEJ3BA7EK775094",-76.99269,38.8906,2016-11-09 12:35:02,1478723702000
"818 Allison St NW, Washington, DC 20011, USA","CE","GOOD",75,"GOOD","EK6745",FALSE,"WMEEJ3BA5DK620929",-77.02426,38.94511,2016-11-14 03:05:02,1479121502000
"100 F St NE, Washington, DC 20002, USA","CE","GOOD",65,"GOOD","EP0253",TRUE,"WMEFJ5DAXGK124218",-77.00437,38.89732,2016-11-11 07:20:03,1478877603000
"17-21 5th St SE, Washington, DC 20003, USA","CE","GOOD",30,"GOOD","R34006",FALSE,"WMEEJ3BAXEK733924",-76.99953,38.88913,2016-11-20 15:30:03,1479684603000
"1430-1498 Key Blvd, Arlington, VA 22209, USA","CE","GOOD",69,"GOOD","EU6646",FALSE,"WMEEJ3BA4EK761900",-77.0738,38.89634,2016-11-26 21:00:02,1480222802000
"2334-2568 Sherman Ave NW, Washington, DC 20001, USA","CE","GOOD",59,"GOOD","R33879",TRUE,"WMEFJ5DA3GK138803",-77.02547,38.92277,2016-12-03 19:15:03,1480821303000
"3001-3019 Idaho Ave NW, Washington, DC 20016, USA","CE","GOOD",30,"GOOD","EZ4285",FALSE,"WMEEJ3BAXEK768902",-77.07836,38.92973,2016-11-14 02:55:02,1479120902000
"1605 N Portal Dr NW, Washington, DC 20012, USA","CE","GOOD",24,"GOOD","EZ4297",FALSE,"WMEEJ3BA8EK753850",-77.0368,38.99203,2016-11-28 10:55:02,1480359302000
"43 N Oakland St, Arlington, VA 22203, USA","CE","GOOD",100,"GOOD","EZ4267",FALSE,"WMEEJ3BA5EK752915",-77.10101,38.87234,2016-12-03 02:30:03,1480761003000
"312 N Piedmont St, Arlington, VA 22203, USA","CE","GOOD",39,"GOOD","EZ4294",FALSE,"WMEEJ3BA0EK762235",-77.10464,38.87498,2016-11-13 18:30:02,1479090602000
"3308 Gainesville St SE, Washington, DC 20020, USA","CE","GOOD",31,"GOOD","R33788",TRUE,"WMEFJ5DA9GK125764",-76.9589,38.85541,2016-12-04 12:50:02,1480884602000
"4211 Harrison St NW, Washington, DC 20015, USA","CE","GOOD",69,"GOOD","EZ9123",FALSE,"WMEEJ3BAXEK772822",-77.08361,38.95706,2016-11-16 16:50:02,1479343802000
"1120 K St NE, Washington, DC 20002, USA","CE","GOOD",43,"GOOD","EC6503",TRUE,"WMEFJ5DA5GK137927",-76.99086,38.90257,2016-12-02 20:10:02,1480738202000
"4528-4532 Alton Pl NW, Washington, DC 20016, USA","CE","GOOD",43,"GOOD","EC6538",TRUE,"WMEFJ5DA6GK126158",-77.08995,38.94707,2016-11-12 03:45:02,1478951102000
"1500 Otis St NE, Washington, DC 20017","CE","GOOD",65,"GOOD","R33882",TRUE,"WMEFJ5DA4GK139846",-76.98433,38.93486,2016-11-09 13:45:02,1478727902000
"451 M St NW, Washington, DC 20001, USA","CE","GOOD",63,"GOOD","EU6642",FALSE,"WMEEJ3BA4EK763811",-77.01789,38.9057,2016-11-13 23:50:02,1479109802000
"2254 12th St NW, Washington, DC 20009, USA","CE","GOOD",53,"GOOD","R34420",TRUE,"WMEFJ5DA9GK123545",-77.02814,38.92053,2016-11-19 00:30:02,1479544202000
"3923-3935 Macomb St NW, Washington, DC 20016","CE","GOOD",40,"GOOD","EC6566",TRUE,"WMEFJ5DA1GK140291",-77.07772,38.93348,2016-11-09 13:30:02,1478727002000
"578-598 25th Pl NE, Washington, DC 20002, USA","CE","UNACCEPTABLE",100,"UNACCEPTABLE","R33748",FALSE,"WMEEJ3BA4EK734955",-76.97132,38.89765,2016-11-30 04:30:02,1480509002000
"3400-3498 Mt Pleasant St NW, Washington, DC 20010","CE","GOOD",30,"GOOD","EZ4359",FALSE,"WMEEJ3BA8EK775864",-77.03998,38.93536,2016-11-09 03:40:03,1478691603000
"826 51st St SE, Washington, DC 20019, USA","CE","GOOD",50,"GOOD","R34419",TRUE,"WMEFJ5DA9GK124260",-76.93003,38.87773,2016-11-30 08:25:03,1480523103000
"5828-5866 Colorado Ave NW, Washington, DC 20011, USA","CE","GOOD",50,"GOOD","EF6517",TRUE,"WMEFJ5DA7GK123866",-77.0288,38.96088,2016-11-13 00:10:02,1479024602000
"926 11th St NW, Washington, DC 20001, USA","CE","GOOD",24,"GOOD","EW7147",FALSE,"WMEEJ3BA8EK767571",-77.02709,38.90218,2016-12-02 09:45:02,1480700702000
"754-760 I St NW, Washington, DC 20001, USA","CE","GOOD",68,"GOOD","EC6568",TRUE,"WMEFJ5DA7GK125343",-77.02247,38.90084,2016-11-22 12:30:02,1479846602000
"1216 H St NE, Washington, DC 20002","CE","GOOD",100,"GOOD","R34063",FALSE,"WMEEJ3BA5EK733183",-76.98947,38.90026,2016-11-08 11:40:02,1478634002000
"140-150 S St NW, Washington, DC 20001, USA","CE","GOOD",100,"GOOD","EU6636",FALSE,"WMEEJ3BA3EK763489",-77.01373,38.91406,2016-11-23 13:05:02,1479935102000
"800-900 Varnum St NE, Washington, DC 20017, USA","CE","GOOD",66,"GOOD","EZ4398",FALSE,"WMEEJ3BAXEK776255",-76.99354,38.94275,2016-12-03 01:55:02,1480758902000
"200-254 19th St NE, Washington, DC 20002, USA","CE","GOOD",51,"GOOD","R34005",FALSE,"WMEEJ3BA3EK733943",-76.97729,38.8926,2016-11-28 22:05:03,1480399503000
"4102 River Rd NW, Washington, DC 20016, USA","CE","GOOD",69,"GOOD","EU6708",FALSE,"WMEEJ3BAXEK762582",-77.08155,38.94958,2016-11-17 23:15:03,1479453303000
"1940 2nd St NE, Washington, DC 20002, USA","CE","GOOD",69,"GOOD","EZ9121",FALSE,"WMEEJ3BA4EK772623",-77.00355,38.9169,2016-11-24 13:10:02,1480021802000
"2818 Evarts St NE, Washington, DC 20018, USA","CE","GOOD",96,"GOOD","EU6641",FALSE,"WMEEJ3BA3EK761516",-76.96717,38.92455,2016-11-30 08:55:02,1480524902000
"8 Buchanan St NE, Washington, DC 20011, USA","CE","GOOD",57,"GOOD","EW7132",FALSE,"WMEEJ3BA4EK767745",-77.00819,38.94745,2016-11-16 22:20:03,1479363603000
"2318 Ashmead Pl NW, Washington, DC 20009","CE","GOOD",72,"GOOD","EW7181",FALSE,"WMEEJ3BAXEK766079",-77.04778,38.91966,2016-11-09 17:50:02,1478742602000
"622 Ava Cir NE, Washington, DC 20017, USA","CE","GOOD",100,"GOOD","EZ4337",FALSE,"WMEEJ3BA6EK771473",-76.99747,38.94959,2016-12-03 08:00:03,1480780803000
"20 5th St SE, Washington, DC 20003, USA","CE","GOOD",72,"GOOD","EW7210",FALSE,"WMEEJ3BA3EK770636",-76.99946,38.88886,2016-11-12 07:45:02,1478965502000
"2742-2798 29th St NW, Washington, DC 20008","CE","GOOD",36,"GOOD","R34054",FALSE,"WMEEJ3BA0EK733656",-77.05766,38.92577,2016-11-09 17:50:02,1478742602000
"1234 Simms Pl NE, Washington, DC 20002, USA","CE","GOOD",100,"GOOD","EZ4283",FALSE,"WMEEJ3BA2EK768988",-76.98415,38.90915,2016-11-15 20:40:02,1479271202000
"1317 4th St NE, Washington, DC 20002, USA","CE","GOOD",100,"GOOD","EZ4367",FALSE,"WMEEJ3BA5EK775269",-76.99868,38.90955,2016-11-19 12:50:02,1479588602000
"4000 18th St NW, Washington, DC 20011, USA","CE","GOOD",100,"GOOD","EW7171",FALSE,"WMEEJ3BA2EK748613",-77.04133,38.94029,2016-11-13 04:25:02,1479039902000
"2408 2nd St NE, Washington, DC 20002, USA","CE","GOOD",46,"GOOD","R34335",TRUE,"WMEFJ5DA2GK139053",-77.00357,38.92158,2016-12-03 08:15:02,1480781702000
"3411-3499 15th St NE, Washington, DC 20017, USA","CE","GOOD",100,"GOOD","EZ9129",FALSE,"WMEEJ3BA2EK771485",-76.98438,38.93268,2016-11-10 18:15:03,1478830503000
"6901-6905 Willow St NW, Washington, DC 20012, USA","CE","GOOD",100,"GOOD","EW7166",FALSE,"WMEEJ3BA3EK748703",-77.01516,38.97271,2016-11-21 00:25:03,1479716703000
"407 A St NE, Washington, DC 20002, USA","CE","GOOD",100,"GOOD","EZ9119",FALSE,"WMEEJ3BA4EK774257",-77.00033,38.89093,2016-11-14 02:30:02,1479119402000
"3643 Van Ness St NW, Washington, DC 20008, USA","CE","GOOD",46,"GOOD","EF6588",TRUE,"WMEFJ5DAXGK139401",-77.0716,38.94319,2016-11-20 16:40:02,1479688802000
"1010 Whitehurst Fwy NW, Washington, DC 20007, USA","CE","GOOD",15,"GOOD","EZ4383",FALSE,"WMEEJ3BA7EK775239",-77.05994,38.90304,2016-11-26 14:50:02,1480200602000
"871-899 Delafield St NE, Washington, DC 20017, USA","CE","GOOD",54,"GOOD","EZ4279",FALSE,"WMEEJ3BA7EK768369",-76.99355,38.94964,2016-11-12 10:25:03,1478975103000
"417 Irving St NW, Washington, DC 20010, USA","CE","GOOD",34,"GOOD","R33882",TRUE,"WMEFJ5DA4GK139846",-77.01834,38.92963,2016-11-15 19:45:02,1479267902000
"3118 Elm St NE, Washington, DC 20018","CE","GOOD",96,"GOOD","R34034",FALSE,"WMEEJ3BA5EK737413",-76.96076,38.93054,2016-11-10 17:30:03,1478827803000
"4001-4003 Arkansas Ave NW, Washington, DC 20011, USA","CE","GOOD",48,"GOOD","EZ4249",FALSE,"WMEEJ3BA0EK768472",-77.03623,38.93916,2016-11-21 10:30:02,1479753002000
"819-899 4th St SW, Washington, DC 20024, USA","CE","GOOD",46,"GOOD","R33880",TRUE,"WMEFJ5DA8GK139221",-77.01761,38.87983,2016-11-20 00:55:02,1479632102000
"1300 I St NW, Washington, DC 20005, USA","CE","GOOD",84,"GOOD","FG5808",FALSE,"WMEEJ3BA2EK762124",-77.03016,38.90128,2016-11-30 13:15:02,1480540502000
"875 N Randolph St, Arlington, VA 22203, USA","CE","GOOD",69,"GOOD","R34066",FALSE,"WMEEJ3BA3EK732887",-77.10873,38.88112,2016-11-18 12:40:02,1479501602000
"1520 Clarendon Blvd, Arlington, VA 22209, USA","CE","GOOD",63,"GOOD","EK6726",FALSE,"WMEEJ3BAXDK623485",-77.07472,38.89375,2016-11-14 12:45:02,1479156302000
"4448 Sedgwick St NW, Washington, DC 20016, USA","CE","GOOD",45,"GOOD","R34002",FALSE,"WMEEJ3BA3EK733974",-77.08756,38.94061,2016-11-16 15:10:02,1479337802000
"3714 Windom Pl NW, Washington, DC 20016, USA","CE","GOOD",78,"GOOD","R34439",TRUE,"WMEFJ5DA1GK124057",-77.07324,38.9455,2016-11-19 11:30:03,1479583803000
"1315 Peabody St NW, Washington, DC 20011, USA","CE","GOOD",63,"GOOD","EW7122",FALSE,"WMEEJ3BA1EK767315",-77.03029,38.96279,2016-11-13 18:35:02,1479090902000
"4452-4498 Fort Dr NW, Washington, DC 20016, USA","CE","GOOD",90,"GOOD","R34075",FALSE,"WMEEJ3BAXEK734409",-77.07856,38.94757,2016-11-13 10:45:02,1479062702000
"340 Quackenbos St NE, Washington, DC 20011","CE","GOOD",81,"GOOD","EZ4330",FALSE,"WMEEJ3BA3EK776226",-77.00115,38.96388,2016-11-08 21:25:02,1478669102000
"511-599 22nd St S, Arlington, VA 22202, USA","CE","GOOD",84,"GOOD","EZ4320",FALSE,"WMEEJ3BA7EK762815",-77.05408,38.85421,2016-11-26 11:30:02,1480188602000
"504-506 Longfellow St NW, Washington, DC 20011, USA","CE","GOOD",50,"GOOD","EC6570",TRUE,"WMEFJ5DA6GK124393",-77.02082,38.95747,2016-11-30 20:50:02,1480567802000
"1116 C St NE, Washington, DC 20002, USA","CE","GOOD",48,"GOOD","EZ4209",FALSE,"WMEEJ3BA5EK761811",-76.99097,38.89363,2016-11-15 00:20:02,1479198002000
"555 12th St NW, Washington, DC 20004","CE","GOOD",71,"GOOD","R34171",TRUE,"WMEFJ5DA4GK126059",-77.02719,38.89721,2016-11-08 11:40:02,1478634002000
"2100-2198 21st St N, Arlington, VA 22201, USA","CE","GOOD",81,"GOOD","EZ4288",FALSE,"WMEEJ3BA5EK761842",-77.08612,38.89706,2016-11-23 08:30:02,1479918602000
"5310 43rd St NW, Washington, DC 20015, USA","CE","GOOD",37,"GOOD","R32927",TRUE,"WMEFJ5DA0GK137852",-77.08378,38.95944,2016-12-01 06:05:02,1480601102000
"4815 Brandywine St NW, Washington, DC 20016, USA","CE","GOOD",36,"GOOD","R33751",FALSE,"WMEEJ3BA3EK734770",-77.09524,38.94972,2016-11-24 18:30:02,1480041002000
"1601-1629 20th St NW, Washington, DC 20009, USA","CE","GOOD",36,"GOOD","EK6763",FALSE,"WMEEJ3BA9DK622490",-77.04484,38.91142,2016-11-15 14:15:03,1479248103000
"1200-1298 N Ohio St, Arlington, VA 22205, USA","CE","GOOD",93,"GOOD","R33878",TRUE,"WMEFJ5DA0GK139665",-77.14608,38.8816,2016-12-03 18:25:02,1480818302000
"1237 Randolph St NE, Washington, DC 20017, USA","CE","GOOD",24,"GOOD","R34045",FALSE,"WMEEJ3BA9EK738046",-76.98854,38.93828,2016-11-28 14:50:02,1480373402000
"1050 Thomas Jefferson St NW, Washington, DC 20007, USA","CE","GOOD",63,"GOOD","EZ4253",FALSE,"WMEEJ3BA6EK768380",-77.06016,38.90352,2016-11-16 13:40:02,1479332402000
"1346-1350 Kalmia Rd NW, Washington, DC 20012, USA","CE","GOOD",40,"GOOD","EF6588",TRUE,"WMEFJ5DAXGK139401",-77.03202,38.98486,2016-11-25 06:05:02,1480082702000
"1340 Taylor St NE, Washington, DC 20017, USA","CE","GOOD",100,"GOOD","EZ9127",FALSE,"WMEEJ3BA8EK772169",-76.98607,38.94079,2016-11-14 08:05:02,1479139502000
"1203 31st St NW, Washington, DC 20007, USA","CE","GOOD",78,"GOOD","R33892",TRUE,"WMEFJ5DA9GK139034",-77.06117,38.90552,2016-11-16 11:20:02,1479324002000
"3109-3111 Cathedral Ave NW, Washington, DC 20008","CE","GOOD",69,"GOOD","EZ4347",FALSE,"WMEEJ3BAXEK772044",-77.06244,38.92903,2016-11-09 12:15:02,1478722502000
"3619 Fessenden St NW, Washington, DC 20008, USA","CE","GOOD",100,"GOOD","EW7125",FALSE,"WMEEJ3BA0EK771386",-77.0707,38.95473,2016-11-25 23:20:02,1480144802000
"1132-1200 S Arlington Ridge Rd, Arlington, VA 22202, USA","CE","GOOD",63,"GOOD","EZ4278",FALSE,"WMEEJ3BAXEK768611",-77.06622,38.86328,2016-11-28 16:25:02,1480379102000
"201-223 12th St S, Arlington, VA 22202, USA","CE","GOOD",24,"GOOD","EZ4366",FALSE,"WMEEJ3BA0EK776460",-77.04927,38.86259,2016-11-22 17:00:02,1479862802000
"1901-1999 16th St NE, Washington, DC 20002, USA","CE","GOOD",63,"GOOD","R34072",FALSE,"WMEEJ3BA3EK734722",-76.98059,38.91551,2016-11-21 23:35:05,1479800105000
"504-506 Longfellow St NW, Washington, DC 20011, USA","CE","GOOD",50,"GOOD","EC6570",TRUE,"WMEFJ5DA6GK124393",-77.02082,38.95747,2016-11-29 05:50:02,1480427402000
"2373-2385 N Pershing Dr, Arlington, VA 22201, USA","CE","GOOD",39,"GOOD","EU6685",FALSE,"WMEEJ3BA1EK763040",-77.08628,38.8807,2016-11-24 01:45:02,1479980702000
"2808 Buena Vista Terrace SE, Washington, DC 20020","CE","GOOD",90,"GOOD","EU6633",FALSE,"WMEEJ3BA2EK767016",-76.96767,38.85597,2016-11-10 12:40:02,1478810402000
"631-643 H St NE, Washington, DC 20002, USA","CE","GOOD",81,"GOOD","R34318",TRUE,"WMEFJ5DA7GK139730",-76.9971,38.90021,2016-11-23 05:05:02,1479906302000
"5201-5299 45th St NW, Washington, MD 20016, USA","CE","GOOD",78,"GOOD","EC6570",TRUE,"WMEFJ5DA6GK124393",-77.08857,38.95759,2016-11-25 09:40:01,1480095601000
"56 Bryant St NW, Washington, DC 20001, USA","CE","GOOD",100,"GOOD","EU6666",FALSE,"WMEEJ3BA0EK748867",-77.01128,38.92127,2016-11-17 16:20:02,1479428402000
"3810-3898 Newark St NW, Washington, DC 20016, USA","CE","GOOD",18,"GOOD","R34013",FALSE,"WMEEJ3BA0EK736119",-77.07509,38.93554,2016-11-19 08:30:02,1479573002000
"1763 Lyman Pl NE, Washington, DC 20002, USA","CE","GOOD",50,"GOOD","EF6577",TRUE,"WMEFJ5DA4GK139796",-76.97706,38.90495,2016-11-19 21:05:04,1479618304000
"1325-1333 Morse St NE, Washington, DC 20002, USA","CE","GOOD",63,"GOOD","R34068",FALSE,"WMEEJ3BAXEK737620",-76.98549,38.90187,2016-11-12 17:45:02,1479001502000
"2436 39th Pl NW, Washington, DC 20007","CE","GOOD",63,"GOOD","EW7167",FALSE,"WMEEJ3BA5EK748850",-77.07795,38.92169,2016-11-08 22:40:03,1478673603000
"1873 3rd St NW, Washington, DC 20001, USA","CE","GOOD",51,"GOOD","EZ4294",FALSE,"WMEEJ3BA0EK762235",-77.01574,38.91551,2016-11-11 21:45:03,1478929503000
"1326A 14th St NW, Washington, DC 20005, USA","CE","GOOD",93,"GOOD","EK6792",FALSE,"WMEEJ3BA0EK754345",-77.03207,38.90822,2016-11-14 09:35:03,1479144903000
"101-105 I St NW, Washington, DC 20002, USA","CE","GOOD",69,"GOOD","EZ4293",FALSE,"WMEEJ3BA5EK767544",-77.01242,38.90138,2016-12-04 03:25:03,1480850703000
"4458 Greenwich Pkwy NW, Washington, DC 20007, USA","CE","GOOD",60,"GOOD","EF6535",FALSE,"WMEEJ3BA4DK618881",-77.08396,38.91166,2016-11-13 02:15:03,1479032103000
"3701-3999 37th St NW, Washington, DC 20008, USA","CE","GOOD",100,"GOOD","EZ4309",FALSE,"WMEEJ3BA7EK764919",-77.0724,38.93983,2016-11-23 02:50:02,1479898202000
"300-302 50th St NE, Washington, DC 20019, USA","CE","GOOD",27,"GOOD","EZ4382",FALSE,"WMEEJ3BA1EK771624",-76.92989,38.89398,2016-12-03 10:25:02,1480789502000
"300 Allison St NW, Washington, DC 20011, USA","CE","GOOD",39,"GOOD","EW7209",FALSE,"WMEEJ3BA4EK769642",-77.01572,38.94536,2016-12-01 21:55:02,1480658102000
"1200-1398 Delaware Ave SW, Washington, DC 20024, USA","CE","GOOD",96,"GOOD","R34158",TRUE,"WMEFJ5DA0GK139696",-77.01357,38.87357,2016-11-19 02:45:02,1479552302000
"4725 Colorado Ave NW, Washington, DC 20011, USA","CE","GOOD",46,"GOOD","R33875",TRUE,"WMEFJ5DA1GK139321",-77.04021,38.94922,2016-11-10 21:25:02,1478841902000
"4700 Warren St NW, Washington, DC 20016, USA","CE","GOOD",50,"GOOD","EC6503",TRUE,"WMEFJ5DA5GK137927",-77.09285,38.94478,2016-11-11 18:40:02,1478918402000
"1313 New York Ave NW, Washington, DC 20005, USA","CE","GOOD",39,"GOOD","EZ4357",FALSE,"WMEEJ3BA6EK772879",-77.03111,38.89976,2016-11-21 06:40:02,1479739202000
"307 T St NE, Washington, DC 20002, USA","CE","GOOD",66,"GOOD","FE7288",FALSE,"WMEEJ3BA5EK774008",-77.00173,38.91546,2016-11-12 04:05:02,1478952302000
"215-221 4th St SE, Washington, DC 20003","CE","GOOD",90,"GOOD","EF6576",TRUE,"WMEFJ5DA9GK140538",-77.00069,38.88684,2016-11-09 08:25:02,1478708702000
"4465 Salem Ln NW, Washington, DC 20007, USA","CE","GOOD",69,"GOOD","EZ4295",FALSE,"WMEEJ3BA1EK752281",-77.0855,38.91214,2016-11-12 00:00:03,1478937603000
"612 Evarts St NE, Washington, DC 20017, USA","CE","GOOD",45,"GOOD","EU6644",FALSE,"WMEEJ3BA5EK764143",-76.9981,38.92456,2016-11-16 00:30:03,1479285003000
"941 Shepherd St NW, Washington, DC 20011, USA","CE","GOOD",39,"GOOD","EZ4259",FALSE,"WMEEJ3BA7EK762605",-77.02651,38.93978,2016-12-04 14:00:02,1480888802000
"2123 4th St NE, Washington, DC 20002","CE","GOOD",63,"GOOD","EZ4382",FALSE,"WMEEJ3BA1EK771624",-77.00052,38.91873,2016-11-08 13:45:03,1478641503000
"2185-2233 N Oak St, Arlington, VA 22209, USA","CE","GOOD",36,"GOOD","R33758",FALSE,"WMEEJ3BA7EK734190",-77.07531,38.89972,2016-12-02 08:40:02,1480696802000
"1345 F St NW, Washington, DC 20004, USA","CE","GOOD",48,"GOOD","EK6801",FALSE,"WMEEJ3BA5EK764403",-77.0311,38.89746,2016-11-15 08:50:02,1479228602000
"434 Evarts St NE, Washington, DC 20017, USA","CE","GOOD",100,"GOOD","FA8310",FALSE,"WMEEJ3BA2EK762611",-76.99915,38.92457,2016-11-20 11:35:02,1479670502000
"218 S Adams St, Arlington, VA 22204, USA","CE","GOOD",45,"GOOD","EF6670",FALSE,"WMEEJ3BA9EK762119",-77.08456,38.87058,2016-11-15 11:55:02,1479239702000
"2025-2039 New Hampshire Ave NW, Washington, DC 20009, USA","CE","GOOD",30,"GOOD","EZ4375",FALSE,"WMEEJ3BA4EK774551",-77.03584,38.91767,2016-11-15 22:20:03,1479277203000
"4507 Q St NW, Washington, DC 20007, USA","CE","GOOD",96,"GOOD","EZ4224",FALSE,"WMEEJ3BA3EK764352",-77.08532,38.91009,2016-12-01 07:20:02,1480605602000
"1600-1618 Kalmia Rd NW, Washington, DC 20012, USA","CE","GOOD",9,"GOOD","EZ9136",FALSE,"WMEEJ3BA7EK775094",-77.03703,38.98578,2016-11-22 23:10:03,1479885003000
"729 Sheridan St NW, Washington, DC 20011, USA","CE","GOOD",60,"GOOD","EZ4259",FALSE,"WMEEJ3BA7EK762605",-77.02394,38.96618,2016-11-18 09:50:02,1479491402000
"1721 H St NE, Washington, DC 20002, USA","CE","GOOD",54,"GOOD","EW7148",FALSE,"WMEEJ3BA3EK772774",-76.97803,38.90015,2016-11-24 20:50:02,1480049402000
"4906 7th St NW, Washington, DC 20011, USA","CE","GOOD",54,"GOOD","EZ4394",FALSE,"WMEEJ3BA6EK776074",-77.02204,38.95018,2016-12-04 03:10:02,1480849802000
"2243 14th St SE, Washington, DC 20020, USA","CE","GOOD",68,"GOOD","R33878",TRUE,"WMEFJ5DA0GK139665",-76.98625,38.86305,2016-11-17 14:25:02,1479421502000
"1606 20th St NW, Washington, DC 20009, USA","CE","GOOD",66,"GOOD","EZ4325",FALSE,"WMEEJ3BAXEK762386",-77.04495,38.91145,2016-11-13 12:30:02,1479069002000
"5300-5314 Chevy Chase Pkwy NW, Washington, DC 20015, USA","CE","GOOD",100,"GOOD","EZ4314",FALSE,"WMEEJ3BA0EK766026",-77.06999,38.95937,2016-11-20 22:00:03,1479708003000
"3217 N Pershing Dr, Arlington, VA 22201, USA","CE","GOOD",21,"GOOD","EZ9138",FALSE,"WMEEJ3BA7EK774169",-77.0966,38.87794,2016-11-13 20:20:02,1479097202000
"4610 Iowa Ave NW, Washington, DC 20011, USA","CE","GOOD",87,"GOOD","R34418",TRUE,"WMEFJ5DAXGK124543",-77.03032,38.94678,2016-11-28 02:10:02,1480327802000
"1212 G St NW, Washington, DC 20005, USA","CE","GOOD",57,"GOOD","EK6784",FALSE,"WMEEJ3BAXDK620781",-77.02901,38.89832,2016-11-21 08:10:02,1479744602000
"3720 Alton Pl NW, Washington, DC 20016, USA","CE","GOOD",71,"GOOD","EC6537",TRUE,"WMEFJ5DA6GK123860",-77.07325,38.94707,2016-11-22 18:45:02,1479869102000
"100-116 Quackenbos St NW, Washington, DC 20011, USA","CE","GOOD",81,"GOOD","R33786",TRUE,"WMEFJ5DA9GK139227",-77.01198,38.96378,2016-11-29 07:00:02,1480431602000
"6400-6412 Kansas Ave NE, Washington, MD 20012, USA","CE","GOOD",31,"GOOD","EF6551",TRUE,"WMEFJ5DA2GK139148",-77.00681,38.9677,2016-12-03 18:25:02,1480818302000
"1001-1061 N Taylor St, Arlington, VA 22201, USA","CE","GOOD",39,"GOOD","FB7690",FALSE,"WMEEJ3BA0EK771873",-77.11268,38.88238,2016-11-29 06:05:03,1480428303000
"1505 West Virginia Ave NE, Washington, DC 20002, USA","CE","GOOD",40,"GOOD","EC6533",TRUE,"WMEFJ5DA3GK124674",-76.98908,38.90749,2016-11-19 07:50:02,1479570602000
"3013 Beech St NW, Washington, DC 20015, USA","CE","GOOD",43,"GOOD","EP0411",TRUE,"WMEFJ5DA3GK138915",-77.05327,38.97718,2016-11-23 16:00:02,1479945602000
"4355 Forest Ln NW, Washington, DC 20007, USA","CE","GOOD",100,"GOOD","R33761",FALSE,"WMEEJ3BA3EK734106",-77.08578,38.92671,2016-11-24 00:55:04,1479977704000
"2328 2nd St NE, Washington, DC 20002, USA","CE","GOOD",78,"GOOD","EZ4267",FALSE,"WMEEJ3BA5EK752915",-77.00353,38.92098,2016-11-19 05:25:02,1479561902000
"6367 11th Rd N, Arlington, VA 22205, USA","CE","GOOD",27,"GOOD","EK6785",FALSE,"WMEEJ3BA7DK622293",-77.15365,38.87919,2016-11-11 15:50:03,1478908203000
"1936 4th St NE, Washington, DC 20002, USA","CE","GOOD",96,"GOOD","EC6530",TRUE,"WMEFJ5DA5GK125180",-77.00063,38.91681,2016-12-02 22:50:03,1480747803000
"1003 Evarts St NE, Washington, DC 20018, USA","CE","GOOD",66,"GOOD","EZ4208",FALSE,"WMEEJ3BA3EK766182",-76.99204,38.92426,2016-12-03 08:55:02,1480784102000
"3472 S Stafford St, Arlington, VA 22206, USA","CE","GOOD",100,"GOOD","EF6669",FALSE,"WMEEJ3BA4EK766885",-77.08653,38.83131,2016-11-21 14:05:03,1479765903000
"3178 17th St NW, Washington, DC 20010, USA","CE","GOOD",66,"GOOD","EW7183",FALSE,"WMEEJ3BA7EK764628",-77.03887,38.93098,2016-11-30 18:55:02,1480560902000
"1600 1st St NW, Washington, DC 20001, USA","CE","GOOD",57,"GOOD","EW7192",FALSE,"WMEEJ3BA3EK765887",-77.01216,38.91168,2016-11-15 09:15:02,1479230102000
"1266-1298 F St NW, Washington, DC 20004","CE","GOOD",96,"GOOD","R34143",TRUE,"WMEFJ5DA1GK140923",-77.02913,38.89725,2016-11-09 04:10:02,1478693402000
"3721-3723 Harrison St NW, Washington, DC 20015, USA","CE","GOOD",100,"GOOD","EU6638",FALSE,"WMEEJ3BA1EK767301",-77.07302,38.95698,2016-11-24 16:45:02,1480034702000
"628-686 7th St SW, Washington, DC 20024, USA","CE","GOOD",50,"GOOD","EF6576",TRUE,"WMEFJ5DA9GK140538",-77.02183,38.88065,2016-11-19 20:50:03,1479617403000
"2525-2599 S Eads St, Arlington, VA 22202, USA","CE","GOOD",28,"GOOD","R34321",TRUE,"WMEFJ5DA8GK127828",-77.05357,38.85121,2016-11-25 11:15:02,1480101302000
"6501-6599 Luzon Ave NW, Washington, DC 20012, USA","CE","GOOD",48,"GOOD","EW7147",FALSE,"WMEEJ3BA8EK767571",-77.03393,38.96923,2016-11-27 06:40:02,1480257602000
"3901-3915 Pennsylvania Ave SE, Washington, DC 20020, USA","CE","GOOD",63,"GOOD","EZ4352",FALSE,"WMEEJ3BA8EK770826",-76.94933,38.86473,2016-11-23 02:05:04,1479895504000
"4203 S Four Mile Run Dr, Arlington, VA 22204, USA","CE","GOOD",100,"GOOD","EK6766",FALSE,"WMEEJ3BA8DK623551",-77.10085,38.85097,2016-11-29 08:25:02,1480436702000
"5011-5015 13th St N, Arlington, VA 22205, USA","CE","GOOD",60,"GOOD","EZ4228",FALSE,"WMEEJ3BA4EK766594",-77.12403,38.88566,2016-11-25 18:25:02,1480127102000
"427 Ridge St NW, Washington, DC 20001, USA","CE","GOOD",100,"GOOD","R34065",FALSE,"WMEEJ3BA4EK733112",-77.01714,38.90647,2016-11-11 20:10:03,1478923803000
"4120 13th Pl NE, Washington, DC 20017, USA","CE","GOOD",100,"GOOD","EK6758",FALSE,"WMEEJ3BA0DK625469",-76.98716,38.94052,2016-11-15 04:50:02,1479214202000
"3924-3998 Macomb St NW, Washington, DC 20016, USA","CE","GOOD",54,"GOOD","EZ4305",FALSE,"WMEEJ3BA6EK761753",-77.07903,38.93348,2016-11-25 06:10:02,1480083002000
"1206 Gallatin St NW, Washington, DC 20011, USA","CE","GOOD",42,"GOOD","EZ4269",FALSE,"WMEEJ3BA5EK766474",-77.02818,38.95187,2016-11-27 06:30:02,1480257002000
"4701 Georgia Ave NW, Washington, DC 20011, USA","CE","GOOD",25,"GOOD","R33787",TRUE,"WMEFJ5DA9GK138885",-77.02669,38.94734,2016-11-13 01:55:03,1479030903000
"2100-2198 39th St NW, Washington, DC 20007, USA","CE","GOOD",100,"GOOD","R34062",FALSE,"WMEEJ3BA9EK733204",-77.07707,38.91893,2016-11-19 03:10:02,1479553802000
"1000 N Rochester St, Arlington, VA 22205, USA","CE","GOOD",93,"GOOD","R34433",TRUE,"WMEFJ5DA2GK140526",-77.1515,38.87735,2016-11-25 09:15:02,1480094102000
"6520-6522 6th St NW, Washington, DC 20012, USA","CE","GOOD",33,"GOOD","EK6797",FALSE,"WMEEJ3BA6EK762255",-77.02123,38.96936,2016-11-11 11:25:02,1478892302000
"124 Taussig Pl NE, Washington, DC 20011, USA","CE","GOOD",100,"GOOD","EU6654",FALSE,"WMEEJ3BA1EK769954",-77.00496,38.94155,2016-11-15 02:55:02,1479207302000
"616 Van Buren St NW, Washington, DC 20012, USA","CE","GOOD",43,"GOOD","R33876",TRUE,"WMEFJ5DA8GK139770",-77.02185,38.96992,2016-11-11 01:45:03,1478857503000
"628 S St NW, Washington, DC 20001, USA","CE","GOOD",100,"GOOD","EU6702",FALSE,"WMEEJ3BA6EK751921",-77.02162,38.91405,2016-11-15 00:50:03,1479199803000
"1311 Rittenhouse St NW, Washington, DC 20011, USA","CE","GOOD",63,"GOOD","R34065",FALSE,"WMEEJ3BA4EK733112",-77.03028,38.96547,2016-11-16 19:00:03,1479351603000
"726 Gallatin St NW, Washington, DC 20011, USA","CE","GOOD",100,"GOOD","EZ9128",FALSE,"WMEEJ3BA5EK772176",-77.02314,38.95198,2016-11-16 19:40:02,1479354002000
"3811 Porter St NW, Washington, DC 20016, USA","CE","GOOD",75,"GOOD","EK6776",FALSE,"WMEEJ3BA8DK622917",-77.07474,38.93689,2016-11-17 05:10:02,1479388202000
"600 Barnes St NE, Washington, DC 20019, USA","CE","GOOD",100,"GOOD","EZ4391",FALSE,"WMEEJ3BA4EK774193",-76.95161,38.9003,2016-11-15 08:25:02,1479227102000
"1730-1798 Crestwood Dr NW, Washington, DC 20011, USA","CE","GOOD",78,"GOOD","EZ4262",FALSE,"WMEEJ3BA6EK748677",-77.0398,38.93845,2016-11-20 02:35:02,1479638102000
"2029 Waterside Dr NW, Washington, DC 20009","CE","GOOD",87,"GOOD","R33891",TRUE,"WMEFJ5DAXGK139009",-77.04811,38.9207,2016-11-10 00:40:02,1478767202000
"5739 13th St NW, Washington, DC 20011, USA","CE","GOOD",100,"GOOD","EZ9126",FALSE,"WMEEJ3BA8EK774097",-77.02961,38.95961,2016-11-18 22:25:04,1479536704000
"1106 Holbrook Terrace NE, Washington, DC 20002, USA","CE","GOOD",63,"GOOD","EZ4290",FALSE,"WMEEJ3BA7EK762930",-76.98788,38.90809,2016-12-03 10:35:01,1480790101000
"799 D St SE, Washington, DC 20003, USA","CE","GOOD",100,"GOOD","EZ4279",FALSE,"WMEEJ3BA7EK768369",-76.99589,38.88377,2016-11-21 15:35:02,1479771302000
"1015 Kenilworth Avenue Northeast, Washington, DC 20019, USA","CE","GOOD",43,"GOOD","EF6538",TRUE,"WMEFJ5DA8GK139672",-76.94232,38.90318,2016-12-04 09:00:02,1480870802000
"1425 P St NW, Washington, DC 20005, USA","CE","GOOD",30,"GOOD","EZ4344",FALSE,"WMEEJ3BA3EK772709",-77.03291,38.90974,2016-11-26 04:25:03,1480163103000
"2307-2309 37th St NW, Washington, DC 20007, USA","CE","GOOD",51,"GOOD","EZ4234",FALSE,"WMEEJ3BA1EK766763",-77.073,38.92019,2016-11-12 23:55:03,1479023703000
"2520 13th St NW, Washington, DC 20009","CE","GOOD",33,"GOOD","EZ4224",FALSE,"WMEEJ3BA3EK764352",-77.02978,38.92291,2016-11-09 09:00:02,1478710802000
"11a N St NW, Washington, DC 20001, USA","CE","GOOD",66,"GOOD","R34046",FALSE,"WMEEJ3BA5EK737945",-77.00984,38.90729,2016-11-19 01:25:02,1479547502000
"6630 US-29, Washington, DC 20012, USA","CE","GOOD",51,"GOOD","R34026",FALSE,"WMEEJ3BA2EK736266",-77.02726,38.97138,2016-12-02 04:50:02,1480683002000
"10 G St NE, Washington, DC 20002, USA","CE","GOOD",100,"GOOD","EW7141",FALSE,"WMEEJ3BA4EK769706",-77.00772,38.89896,2016-11-18 08:05:02,1479485102000
"1780-1798 Bryant St NE, Washington, DC 20018, USA","CE","GOOD",62,"GOOD","R34136",TRUE,"WMEFJ5DAXGK139950",-76.97931,38.92134,2016-12-01 05:25:02,1480598702000
"1559-1599 Kennedy St NW, Washington, DC 20011, USA","CE","GOOD",100,"GOOD","EU6662",FALSE,"WMEEJ3BA8EK748518",-77.03588,38.95627,2016-11-21 05:00:03,1479733203000
"65 Q St SW, Washington, DC 20024, USA","CE","GOOD",100,"GOOD","EZ4345",FALSE,"WMEEJ3BA1EK773227",-77.0112,38.87077,2016-11-19 09:35:03,1479576903000
"3525 S St NW, Washington, DC 20007, USA","CE","GOOD",100,"GOOD","EZ4399",FALSE,"WMEEJ3BA0EK775857",-77.07051,38.91458,2016-11-22 19:50:02,1479873002000
"1800-1890 Summit Pl NW, Washington, DC 20009, USA","CE","GOOD",57,"GOOD","EU6681",FALSE,"WMEEJ3BA4EK748337",-77.04269,38.9264,2016-11-23 10:05:02,1479924302000
"415 Buchanan St NW, Washington, DC 20011, USA","CE","GOOD",48,"GOOD","EW7126",FALSE,"WMEEJ3BA3EK767512",-77.01807,38.94641,2016-11-29 01:00:02,1480410002000
"1309 19th St NW, Washington, DC 20036, USA","CE","GOOD",36,"GOOD","EZ4244",FALSE,"WMEEJ3BA9EK770642",-77.04272,38.90801,2016-11-11 10:55:02,1478890502000
"3701 Fessenden St NW, Washington, DC 20016, USA","CE","GOOD",69,"GOOD","EZ4253",FALSE,"WMEEJ3BA6EK768380",-77.07179,38.95474,2016-11-15 05:40:02,1479217202000
"1127 I St NE, Washington, DC 20002, USA","CE","GOOD",96,"GOOD","R34334",TRUE,"WMEFJ5DA2GK127954",-76.99051,38.90128,2016-11-24 05:05:02,1479992702000
"1627 Nicholson St NW, Washington, DC 20011, USA","CE","GOOD",48,"GOOD","EC0073",FALSE,"WMEEJ3BA4DK619254",-77.03763,38.96038,2016-11-12 03:30:02,1478950202000
"1445 Constitution Ave NE, Washington, DC 20002, USA","CE","GOOD",57,"GOOD","EZ9119",FALSE,"WMEEJ3BA4EK774257",-76.9839,38.89199,2016-11-19 06:15:02,1479564902000
"67 Q St SW, Washington, DC 20024, USA","CE","GOOD",45,"GOOD","EU6708",FALSE,"WMEEJ3BAXEK762582",-77.01127,38.87081,2016-11-24 14:00:03,1480024803000
"1300-1398 N Ohio St, Arlington, VA 22205, USA","CE","GOOD",42,"GOOD","EZ4352",FALSE,"WMEEJ3BA8EK770826",-77.14647,38.88354,2016-11-27 20:55:02,1480308902000
"1223-1227 Holbrook Terrace NE, Washington, DC 20002, USA","CE","GOOD",48,"GOOD","EZ4362",FALSE,"WMEEJ3BA0EK774384",-76.98583,38.90727,2016-11-24 10:20:02,1480011602000
"1812-1818 Shepherd St NE, Washington, DC 20018, USA","CE","GOOD",42,"GOOD","R34001",FALSE,"WMEEJ3BA2EK733979",-76.97934,38.9397,2016-11-24 07:35:02,1480001702000
"598 S St NW, Washington, DC 20001, USA","CE","GOOD",100,"GOOD","EZ4270",FALSE,"WMEEJ3BAXEK766907",-77.01968,38.91407,2016-11-18 01:30:03,1479461403000
"1301-1303 S Walter Reed Dr, Arlington, VA 22204, USA","CE","GOOD",71,"GOOD","R33792",TRUE,"WMEFJ5DA7GK140084",-77.08727,38.85969,2016-11-18 20:15:02,1479528902000
"433 Longfellow St NW, Washington, DC 20011, USA","CE","GOOD",54,"GOOD","EW7181",FALSE,"WMEEJ3BAXEK766079",-77.01963,38.95756,2016-11-27 16:05:03,1480291503000
"2024-2070 Crystal Dr, Arlington, VA 22202, USA","CE","GOOD",78,"GOOD","EZ4264",FALSE,"WMEEJ3BA5EK748279",-77.04949,38.85513,2016-11-19 11:55:02,1479585302000
"1902-1906 Kalorama Rd NW, Washington, DC 20009, USA","CE","GOOD",50,"GOOD","R33874",TRUE,"WMEFJ5DA9GK139079",-77.04543,38.9194,2016-11-23 11:30:02,1479929402000
"1210 Meigs Pl NE, Washington, DC 20002, USA","CE","GOOD",84,"GOOD","R34318",TRUE,"WMEFJ5DA7GK139730",-76.98563,38.90808,2016-11-22 04:15:02,1479816902000
"1259-1267 New Jersey Ave SE, Washington, DC 20303, USA","CE","GOOD",27,"GOOD","EZ4317",FALSE,"WMEEJ3BAXEK767295",-77.00383,38.87547,2016-11-16 08:35:02,1479314102000
"2733-2775 S Quincy St, Arlington, VA 22206, USA","CE","GOOD",78,"GOOD","R34161",TRUE,"WMEFJ5DA0GK140072",-77.08665,38.84139,2016-12-03 10:50:02,1480791002000
"2910 23rd St N, Arlington, VA 22201, USA","CE","GOOD",75,"GOOD","R33881",TRUE,"WMEFJ5DA8GK139624",-77.09895,38.89803,2016-12-01 14:05:02,1480629902000
"1003 Evarts St NE, Washington, DC 20018, USA","CE","GOOD",48,"GOOD","EZ4264",FALSE,"WMEEJ3BA5EK748279",-76.99213,38.92428,2016-11-21 17:50:03,1479779403000
"2601-2603 12th St NE, Washington, DC 20018, USA","CE","GOOD",31,"GOOD","R33799",TRUE,"WMEFJ5DA5GK139483",-76.99028,38.9237,2016-11-19 19:30:03,1479612603000
"1024 Irving St NE, Washington, DC 20017, USA","CE","GOOD",96,"GOOD","EU6679",FALSE,"WMEEJ3BA9EK750200",-76.99147,38.9286,2016-11-28 05:55:02,1480341302000
"4200-4298 9th St N, Arlington, VA 22203, USA","CE","GOOD",36,"GOOD","EZ4355",FALSE,"WMEEJ3BA0EK768164",-77.11118,38.88104,2016-11-15 13:20:03,1479244803000
"1110 N Johnson St, Arlington, VA 22201","CE","GOOD",42,"GOOD","EZ4244",FALSE,"WMEEJ3BA9EK770642",-77.09963,38.88634,2016-11-09 18:35:03,1478745303000
"5201-5299 44th St NW, Washington, MD 20016, USA","CE","GOOD",15,"GOOD","EK6782",FALSE,"WMEEJ3BA6DK622947",-77.08617,38.95734,2016-11-17 02:20:03,1479378003000
"1740 Gainesville St SE, Washington, DC 20020, USA","CE","GOOD",100,"GOOD","EW7149",FALSE,"WMEEJ3BA3EK767655",-76.97928,38.85521,2016-11-23 19:45:02,1479959102000
"5716 Chillum Pl NE, Washington, DC 20011, USA","CE","GOOD",78,"GOOD","EW7188",FALSE,"WMEEJ3BA0EK763725",-77.00258,38.95931,2016-11-21 03:20:02,1479727202000
"1307 R St NW, Washington, DC 20009, USA","CE","GOOD",21,"GOOD","EZ4308",FALSE,"WMEEJ3BA1EK764737",-77.03003,38.91267,2016-11-12 13:15:02,1478985302000
"4823 Sargent Rd NE, Washington, DC 20017, USA","CE","GOOD",60,"GOOD","EU6622",FALSE,"WMEEJ3BA4EK768135",-76.98934,38.94819,2016-11-30 13:40:02,1480542002000
"1230-1232 I St NE, Washington, DC 20002, USA","CE","GOOD",100,"GOOD","EU6640",FALSE,"WMEEJ3BA9EK766588",-76.98898,38.90134,2016-11-27 16:50:01,1480294201000
"1219 Decatur St NW, Washington, DC 20011, USA","CE","GOOD",65,"GOOD","R33647",TRUE,"WMEFJ5DA6GK078306",-77.02753,38.9483,2016-11-17 10:05:02,1479405902000
"2422 39th St NW, Washington, DC 20007, USA","CE","GOOD",39,"GOOD","EZ4291",FALSE,"WMEEJ3BA6EK766483",-77.07707,38.92146,2016-11-30 15:15:02,1480547702000
"3901-3915 Fulton St NW, Washington, DC 20007, USA","CE","GOOD",66,"GOOD","EZ4319",FALSE,"WMEEJ3BA5EK762392",-77.07756,38.92623,2016-11-26 16:50:02,1480207802000
"1516 Portal Dr NW, Washington, DC 20012, USA","CE","GOOD",45,"GOOD","EZ9117",FALSE,"WMEEJ3BA5EK772484",-77.03554,38.99067,2016-11-20 09:40:02,1479663602000
"3200 39th St NW, Washington, DC 20016, USA","CE","GOOD",87,"GOOD","EC6580",TRUE,"WMEFJ5DA7GK127609",-77.07707,38.93207,2016-12-02 07:20:02,1480692002000
"1658 Park Rd NW, Washington, DC 20010, USA","CE","GOOD",51,"GOOD","EU6611",FALSE,"WMEEJ3BA5EK764434",-77.03816,38.93231,2016-11-26 06:50:02,1480171802000
"4215 39th St NW, Washington, DC 20016, USA","CE","GOOD",37,"GOOD","EC6536",TRUE,"WMEFJ5DAXGK139365",-77.07703,38.94368,2016-11-30 07:15:03,1480518903000
"1345 F St NW, Washington, DC 20004, USA","CE","GOOD",100,"GOOD","FD9858",FALSE,"WMEEJ3BA9EK748284",-77.03122,38.89737,2016-11-16 08:45:02,1479314702000
"801 N Glebe Rd, Arlington, VA 22203, USA","CE","GOOD",36,"GOOD","EZ4236",FALSE,"WMEEJ3BA2EK769459",-77.1143,38.88039,2016-12-02 09:35:02,1480700102000
"1353 Florida Ave NW, Washington, DC 20009, USA","CE","GOOD",50,"GOOD","R34426",TRUE,"WMEFJ5DA6GK123597",-77.03156,38.92027,2016-11-25 16:35:02,1480120502000
"2119 N Sycamore St, Arlington, VA 22205, USA","CE","GOOD",57,"GOOD","EF6668",FALSE,"WMEEJ3BA7EK763642",-77.15621,38.88853,2016-11-28 00:25:02,1480321502000
"2418 10th St NE, Washington, DC 20018, USA","CE","GOOD",43,"GOOD","EF6520",TRUE,"WMEFJ5DA9GK138966",-76.99248,38.92219,2016-11-30 07:50:02,1480521002000
"730 24th St NW, Washington, DC 20037, USA","CE","GOOD",72,"GOOD","EZ4238",FALSE,"WMEEJ3BAXEK762632",-77.05144,38.89944,2016-11-29 08:20:02,1480436402000
"2415 2nd St NE, Washington, DC 20002, USA","CE","GOOD",81,"GOOD","EC6554",TRUE,"WMEFJ5DA3GK125789",-77.00348,38.92179,2016-11-12 13:05:03,1478984703000
"5121 3rd St NW, Washington, DC 20011, USA","CE","GOOD",36,"GOOD","EU6631",FALSE,"WMEEJ3BA3EK766361",-77.01589,38.95292,2016-12-03 01:25:02,1480757102000
"1636 Lyman Pl NE, Washington, DC 20002, USA","CE","GOOD",90,"GOOD","R33876",TRUE,"WMEFJ5DA8GK139770",-76.97942,38.905,2016-11-21 01:50:02,1479721802000
"2200 South Dakota Ave NE, Washington, DC 20018","CE","GOOD",62,"GOOD","R34135",TRUE,"WMEFJ5DAXGK139933",-76.95795,38.91994,2016-11-09 16:30:02,1478737802000
"852-876 11th St NW, Washington, DC 20001, USA","CE","GOOD",39,"GOOD","R34013",FALSE,"WMEEJ3BA0EK736119",-77.02715,38.90042,2016-11-16 09:00:02,1479315602000
"4239 Blagden Ave NW, Washington, DC 20011, USA","CE","GOOD",34,"GOOD","EF6573",TRUE,"WMEFJ5DAXGK139074",-77.04434,38.94353,2016-12-01 23:40:02,1480664402000
"5201 New Hampshire Ave NW, Washington, DC 20011, USA","CE","GOOD",57,"GOOD","EU6642",FALSE,"WMEEJ3BA4EK763811",-77.01131,38.95373,2016-11-14 15:15:03,1479165303000
"7035-7041 Western Ave, Washington, MD 20015, USA","CE","GOOD",46,"GOOD","R34433",TRUE,"WMEFJ5DA2GK140526",-77.06003,38.98088,2016-11-17 17:45:02,1479433502000
"1000-1026 31st St NW, Washington, DC 20007, USA","CE","GOOD",27,"GOOD","R34017",FALSE,"WMEEJ3BA6EK735931",-77.06114,38.90299,2016-11-30 09:35:02,1480527302000
"3100-3110 Newton St NE, Washington, DC 20018, USA","CE","GOOD",100,"GOOD","EZ4344",FALSE,"WMEEJ3BA3EK772709",-76.96473,38.93414,2016-11-26 22:10:02,1480227002000
"2605 Monroe St NE, Washington, DC 20018","CE","GOOD",75,"GOOD","EZ4400",FALSE,"WMEEJ3BA3EK775061",-76.96974,38.93309,2016-11-09 10:35:02,1478716502000
"1115 Penn St NE, Washington, DC 20002, USA","CE","GOOD",63,"GOOD","EW7175",FALSE,"WMEEJ3BA4EK748712",-76.98859,38.90692,2016-11-12 20:45:03,1479012303000
"1011 24th St NW, Washington, DC 20037, USA","CE","GOOD",66,"GOOD","EZ9118",FALSE,"WMEEJ3BA9EK774139",-77.05135,38.90343,2016-11-15 10:50:02,1479235802000
"1209-1211 33rd St NW, Washington, DC 20007, USA","CE","GOOD",60,"GOOD","EU6651",FALSE,"WMEEJ3BA3EK766618",-77.06605,38.90549,2016-11-26 09:25:02,1480181102000
"2249-2299 H St NW, Washington, DC 20052, USA","CE","GOOD",87,"GOOD","EU6686",FALSE,"WMEEJ3BA2EK762625",-77.04949,38.89964,2016-11-17 16:15:02,1479428102000
"3838-3844 Woodley Rd NW, Washington, DC 20016, USA","CE","GOOD",100,"GOOD","EF6688",FALSE,"WMEEJ3BA2EK767789",-77.07564,38.93214,2016-11-26 18:00:03,1480212003000
"606 Madison St NW, Washington, DC 20011, USA","CE","GOOD",45,"GOOD","EW7208",FALSE,"WMEEJ3BA3EK768644",-77.02142,38.95853,2016-11-16 04:50:02,1479300602000
"120 Varnum St NE, Washington, DC 20011, USA","CE","GOOD",21,"GOOD","EU6660",FALSE,"WMEEJ3BA9EK748043",-77.00496,38.9429,2016-11-12 23:10:03,1479021003000
"1300-1310 Montague St NW, Washington, DC 20011, USA","CE","GOOD",54,"GOOD","EW7122",FALSE,"WMEEJ3BA1EK767315",-77.03106,38.95925,2016-11-18 03:15:04,1479467704000
"3501 Potomac Ave, Arlington, VA 22213, USA","CE","GOOD",48,"GOOD","EC0009",FALSE,"WMEEJ3BA9DK625647",-77.05072,38.84482,2016-11-26 13:10:03,1480194603000
"3407 29th St NW, Washington, DC 20008, USA","CE","GOOD",21,"GOOD","EZ4315",FALSE,"WMEEJ3BA9EK761603",-77.05982,38.93471,2016-11-22 20:55:02,1479876902000
"1244 Potomac St NW, Washington, DC 20007, USA","CE","GOOD",100,"GOOD","EU6655",FALSE,"WMEEJ3BA0EK762283",-77.0653,38.90669,2016-12-03 21:55:02,1480830902000
"6 Adams St NW, Washington, DC 20001, USA","CE","GOOD",69,"GOOD","EZ4216",FALSE,"WMEEJ3BAXEK753476",-77.00943,38.92021,2016-11-14 05:15:02,1479129302000
"1711 Clarendon Blvd, Arlington, VA 22209, USA","CE","GOOD",12,"GOOD","EW7143",FALSE,"WMEEJ3BA4EK766675",-77.0779,38.89322,2016-12-01 06:45:02,1480603502000
"3835 Fessenden St NW, Washington, DC 20016, USA","CE","GOOD",27,"GOOD","R34022",FALSE,"WMEEJ3BA1EK736775",-77.07608,38.95474,2016-11-28 03:25:02,1480332302000
"146 Uhland Terrace NE, Washington, DC 20002","CE","GOOD",30,"GOOD","EZ4239",FALSE,"WMEEJ3BA6EK767956",-77.0048,38.91757,2016-11-10 02:55:02,1478775302000
"5131 7th St NW, Washington, DC 20011, USA","CE","GOOD",42,"GOOD","EZ4305",FALSE,"WMEEJ3BA6EK761753",-77.02209,38.95283,2016-11-27 18:25:03,1480299903000
"1295-1331 S Eads St, Arlington, VA 22202, USA","CE","GOOD",59,"GOOD","R34172",TRUE,"WMEFJ5DA4GK127860",-77.05388,38.8619,2016-11-12 05:10:03,1478956203000
"1215 N Fort Myer Dr, Arlington, VA 22209, USA","CE","GOOD",100,"GOOD","R34019",FALSE,"WMEEJ3BA7EK735520",-77.0749,38.88887,2016-11-27 14:50:02,1480287002000
"208 Oneida St NE, Washington, DC 20011, USA","CE","GOOD",33,"GOOD","EZ9115",FALSE,"WMEEJ3BA5EK771545",-77.00447,38.96203,2016-11-19 19:05:02,1479611102000
"2600 Franklin Rd, Arlington, VA 22201, USA","CE","GOOD",36,"GOOD","EZ4232",FALSE,"WMEEJ3BA6EK766497",-77.08944,38.89073,2016-11-14 21:05:03,1479186303000
"3452-3476 New Mexico Ave NW, Washington, DC 20016, USA","CE","GOOD",31,"GOOD","EC6571",TRUE,"WMEFJ5DA4GK125879",-77.0869,38.9351,2016-11-30 12:00:02,1480536002000
"1200 N Herndon St, Arlington, VA 22201, USA","CE","GOOD",100,"GOOD","EK6728",FALSE,"WMEEJ3BA4DK625667",-77.09654,38.88804,2016-11-16 12:20:03,1479327603000
"3111-3199 10th St NE, Washington, DC 20017, USA","CE","GOOD",93,"GOOD","R34023",FALSE,"WMEEJ3BA8EK736370",-76.9924,38.92929,2016-11-30 02:35:02,1480502102000
"3010 Ordway St NW, Washington, DC 20008, USA","CE","GOOD",100,"GOOD","R34063",FALSE,"WMEEJ3BA5EK733183",-77.06156,38.93597,2016-11-28 16:00:02,1480377602000
"3701-3713 Fulton St NW, Washington, DC 20007, USA","CE","GOOD",18,"GOOD","EF6595",TRUE,"WMEFJ5DA4GK140236",-77.07347,38.92627,2016-12-03 08:00:03,1480780803000
"1204 N Oak St, Arlington, VA 22209, USA","CE","GOOD",72,"GOOD","EW7163",FALSE,"WMEEJ3BAXEK748634",-77.07388,38.88856,2016-11-25 11:55:02,1480103702000
"1421-1423 5th St NW, Washington, DC 20001, USA","CE","GOOD",36,"GOOD","EW7153",FALSE,"WMEEJ3BA9EK766641",-77.01891,38.9093,2016-12-01 18:20:02,1480645202000
"2001-2029 G St NW, Washington, DC 20052, USA","CE","GOOD",18,"GOOD","R34159",TRUE,"WMEFJ5DA0GK139942",-77.04543,38.89836,2016-11-15 06:15:02,1479219302000
"3435 Yuma St NW, Washington, DC 20008, USA","CE","GOOD",12,"GOOD","R34002",FALSE,"WMEEJ3BA3EK733974",-77.06674,38.94626,2016-12-04 21:00:03,1480914003000
"1684-1698 N Lynn St, Arlington, VA 22209, USA","CE","GOOD",25,"GOOD","R34424",TRUE,"WMEFJ5DA7GK139887",-77.0709,38.8942,2016-12-04 15:25:02,1480893902000
"1215 Meigs Pl NE, Washington, DC 20002, USA","CE","GOOD",18,"GOOD","R34321",TRUE,"WMEFJ5DA8GK127828",-76.98616,38.90826,2016-11-28 15:05:02,1480374302000
"1706 Independence Ave SE, Washington, DC 20003, USA","CE","GOOD",53,"GOOD","R33877",TRUE,"WMEFJ5DA5GK138950",-76.98039,38.88766,2016-11-19 02:20:02,1479550802000
"225-227 Channing St NE, Washington, DC 20002","CE","GOOD",63,"GOOD","EK6753",FALSE,"WMEEJ3BA4DK621571",-77.00249,38.92235,2016-11-10 03:05:02,1478775902000
"2100-2110 3rd St NE, Washington, DC 20002, USA","CE","GOOD",87,"GOOD","EZ4277",FALSE,"WMEEJ3BA0EK770982",-77.00208,38.91826,2016-11-17 13:45:02,1479419102000
"1063 31st St NW, Washington, DC 20007, USA","CE","GOOD",100,"GOOD","EU6638",FALSE,"WMEEJ3BA1EK767301",-77.06114,38.90443,2016-11-22 13:45:03,1479851103000
"8 Snows Ct NW, Washington, DC 20037, USA","CE","GOOD",57,"GOOD","EW7126",FALSE,"WMEEJ3BA3EK767512",-77.05234,38.9016,2016-11-28 00:00:02,1480320002000
"901 30th St NW, Washington, DC 20007","CE","GOOD",15,"GOOD","R34041",FALSE,"WMEEJ3BA4EK736995",-77.05914,38.90281,2016-11-09 09:00:02,1478710802000
"6669 32nd Pl NW, Washington, DC 20015, USA","CE","GOOD",100,"GOOD","EZ4334",FALSE,"WMEEJ3BA0EK771081",-77.05928,38.97673,2016-11-16 09:30:02,1479317402000
"2323-2405 37th St NW, Washington, DC 20007, USA","CE","GOOD",9,"GOOD","EC6584",TRUE,"WMEFJ5DA8GK127487",-77.07307,38.92091,2016-12-01 10:15:02,1480616102000
"4551 Fort Dr NW, Washington, DC 20016, USA","CE","GOOD",39,"GOOD","R34025",FALSE,"WMEEJ3BA3EK736275",-77.07853,38.94927,2016-11-29 03:30:02,1480419002000
"315 Evarts St NE, Washington, DC 20002, USA","CE","GOOD",100,"GOOD","EW7115",FALSE,"WMEEJ3BA8EK769742",-77.00134,38.92449,2016-11-20 22:15:03,1479708903000
"388 4th St SW, Washington, DC 20024, USA","CE","GOOD",39,"GOOD","EU6686",FALSE,"WMEEJ3BA2EK762625",-77.01742,38.88402,2016-11-11 14:45:02,1478904302000
"3806 Porter St NW, Washington, DC 20016, USA","CE","GOOD",31,"GOOD","EP0027",TRUE,"WMEFJ5DA6GK125091",-77.0745,38.93686,2016-12-03 04:10:02,1480767002000
"824 11th St NE, Washington, DC 20002, USA","CE","GOOD",50,"GOOD","R34150",TRUE,"WMEFJ5DA4GK141855",-76.99157,38.9009,2016-11-23 17:45:02,1479951902000
"1207 Holbrook St NE, Washington, DC 20002","CE","GOOD",100,"GOOD","EW7114",FALSE,"WMEEJ3BA3EK768420",-76.9844,38.90172,2016-11-09 08:25:02,1478708702000
"3438 S Wakefield St, Arlington, VA 22206, USA","CE","GOOD",9,"GOOD","R34066",FALSE,"WMEEJ3BA3EK732887",-77.09151,38.83414,2016-12-03 04:20:02,1480767602000
"435 Hamilton St NW, Washington, DC 20011, USA","CE","GOOD",24,"GOOD","EW7134",FALSE,"WMEEJ3BAXEK768432",-77.01903,38.95318,2016-11-24 22:10:02,1480054202000
"3018 Porter St NW, Washington, DC 20008, USA","CE","GOOD",48,"GOOD","EZ4260",FALSE,"WMEEJ3BA6EK748470",-77.06165,38.93731,2016-11-18 04:10:02,1479471002000
"1747-1749 S St NW, Washington, DC 20009, USA","CE","GOOD",36,"GOOD","EU6694",FALSE,"WMEEJ3BA1EK762065",-77.04106,38.91414,2016-11-19 22:15:03,1479622503000
"1415 Howard Rd SE, Washington, DC 20020, USA","CE","GOOD",93,"GOOD","EW7142",FALSE,"WMEEJ3BA0EK770769",-76.98916,38.85956,2016-11-21 19:40:03,1479786003000
